Speaker,gloss1,degree,threshold
Adeline,au revoir116,2,0.25
Adeline,au revoir1376,10,0.25
Adeline,au revoir1377,10,0.25
Adeline,au revoir1378,10,0.25
Adeline,au revoir1379,2,0.25
Adeline,au revoir1380,10,0.25
Adeline,au revoir1381,10,0.25
Adeline,au revoir1382,10,0.25
Adeline,bain117,8,0.25
Adeline,bain1383,2,0.25
Adeline,bisou1384,10,0.25
Adeline,bisou1385,10,0.25
Adeline,bisou1386,9,0.25
Adeline,bisou1387,9,0.25
Adeline,bisou1388,9,0.25
Adeline,bobo2840,4,0.25
Adeline,bobo2841,6,0.25
Adeline,bobo2842,6,0.25
Adeline,boum118,10,0.25
Adeline,boum119,9,0.25
Adeline,boum120,9,0.25
Adeline,boum121,9,0.25
Adeline,boum122,10,0.25
Adeline,boum123,10,0.25
Adeline,boum124,10,0.25
Adeline,boum125,10,0.25
Adeline,boum126,10,0.25
Adeline,boum1389,10,0.25
Adeline,boum1390,8,0.25
Adeline,boum1391,10,0.25
Adeline,boum1838,4,0.25
Adeline,brosse1392,10,0.25
Adeline,champs1393,9,0.25
Adeline,chapeau1394,10,0.25
Adeline,chapeau1395,10,0.25
Adeline,chapeau1396,10,0.25
Adeline,chapeau1397,10,0.25
Adeline,chapeau1398,10,0.25
Adeline,chapeau1399,10,0.25
Adeline,chapeau1400,8,0.25
Adeline,chapeau1401,8,0.25
Adeline,chapeau1402,10,0.25
Adeline,chat127,7,0.25
Adeline,chat128,7,0.25
Adeline,chat129,10,0.25
Adeline,chat1403,10,0.25
Adeline,chat1404,8,0.25
Adeline,chat1405,10,0.25
Adeline,chat1406,10,0.25
Adeline,chat1839,4,0.25
Adeline,chat1840,2,0.25
Adeline,chat2843,1,0.25
Adeline,chat2913,1,0.25
Adeline,coucou1407,8,0.25
Adeline,coucou1841,3,0.25
Adeline,coucou1842,3,0.25
Adeline,coucou1843,3,0.25
Adeline,coucou1844,3,0.25
Adeline,coucou1845,3,0.25
Adeline,coucou1846,3,0.25
Adeline,coucou1847,2,0.25
Adeline,coucou2845,8,0.25
Adeline,dodo1848,2,0.25
Adeline,en dehors1408,10,0.25
Adeline,encore130,7,0.25
Adeline,encore1409,8,0.25
Adeline,encore1410,8,0.25
Adeline,encore1411,8,0.25
Adeline,encore1412,8,0.25
Adeline,encore1413,8,0.25
Adeline,encore1414,8,0.25
Adeline,encore1415,8,0.25
Adeline,encore1416,8,0.25
Adeline,encore1417,8,0.25
Adeline,encore1418,8,0.25
Adeline,encore1419,8,0.25
Adeline,encore1420,8,0.25
Adeline,encore1421,1,0.25
Adeline,lave131,7,0.25
Adeline,là132,7,0.25
Adeline,là133,7,0.25
Adeline,là134,7,0.25
Adeline,là135,7,0.25
Adeline,là136,8,0.25
Adeline,là1849,3,0.25
Adeline,maman1850,2,0.25
Adeline,maman1851,2,0.25
Adeline,maman1852,2,0.25
Adeline,miaou137,7,0.25
Adeline,miaou138,7,0.25
Adeline,miaou139,5,0.25
Adeline,moi140,5,0.25
Adeline,non141,6,0.25
Adeline,non142,6,0.25
Adeline,oh1,10,0.25
Adeline,oh2,10,0.25
Adeline,oh3,10,0.25
Adeline,oiseau1422,2,0.25
Adeline,papa1853,4,0.25
Adeline,papa1854,4,0.25
Adeline,papa2846,3,0.25
Adeline,parti1423,9,0.25
Adeline,tiens143,7,0.25
Adeline,tiens144,7,0.25
Adeline,tiens145,7,0.25
Adeline,tiens146,7,0.25
Adeline,trois147,7,0.25
Adeline,vachou1424,9,0.25
Adeline,voilà1425,9,0.25
Adeline,voilà1855,2,0.25
Adeline,voiture1426,9,0.25
Adeline,voiture1427,9,0.25
Adeline,vroum148,6,0.25
Afan,AUNTI1815,4,0.25
Afan,AUNTI3314,1,0.25
Afan,Bazil2792,6,0.25
Afan,Bazil3583,2,0.25
Afan,COW1345,9,0.25
Afan,COW1346,9,0.25
Afan,DOGGY BT2797,1,0.25
Afan,"Durrain, Durri3584",3,0.25
Afan,"Durrain, Durri3585",3,0.25
Afan,JUICE do3591,1,0.25
Afan,JUICE1337,5,0.25
Afan,Rabia2800,8,0.25
Afan,Saima3312,2,0.25
Afan,Saima3313,2,0.25
Afan,Saima3581,1,0.25
Afan,UNCLE1818,4,0.25
Afan,UNCLE1819,1,0.25
Afan,UNCLE1820,4,0.25
Afan,UNCLE1821,4,0.25
Afan,UNCLE1822,4,0.25
Afan,UNCLE1823,4,0.25
Afan,UNCLE1824,4,0.25
Afan,ajao95,10,0.25
Afan,anda1816,3,0.25
Afan,anda1817,3,0.25
Afan,"aunti gaye hai, aunti gaye2911",4,0.25
Afan,baal1347,11,0.25
Afan,baal1348,11,0.25
Afan,baba100,10,0.25
Afan,baba101,10,0.25
Afan,baba96,10,0.25
Afan,baba97,10,0.25
Afan,baba98,10,0.25
Afan,baba99,10,0.25
Afan,bhaye1333,11,0.25
Afan,bhow bhow2793,5,0.25
Afan,chacha2799,3,0.25
Afan,chai1338,9,0.25
Afan,chai1339,4,0.25
Afan,chai1340,11,0.25
Afan,chunti2794,2,0.25
Afan,chunti2795,2,0.25
Afan,chunti2796,2,0.25
Afan,dada3589,3,0.25
Afan,dada3590,3,0.25
Afan,dawaye1342,11,0.25
Afan,dawaye1343,11,0.25
Afan,dawaye1344,11,0.25
Afan,do1324,11,0.25
Afan,do1325,11,0.25
Afan,ganda3586,2,0.25
Afan,gaye1334,10,0.25
Afan,gaye1335,10,0.25
Afan,han102,10,0.25
Afan,han103,10,0.25
Afan,han104,10,0.25
Afan,han1309,11,0.25
Afan,han1310,11,0.25
Afan,han1311,11,0.25
Afan,han1312,11,0.25
Afan,han1313,11,0.25
Afan,han3172,11,0.25
Afan,idhar1332,11,0.25
Afan,idhar3315,3,0.25
Afan,idhar3316,3,0.25
Afan,jaaee1341,11,0.25
Afan,mam BT1349,2,0.25
Afan,mama1307,9,0.25
Afan,mama1308,9,0.25
Afan,mama3572,1,0.25
Afan,mama3573,1,0.25
Afan,mama3574,1,0.25
Afan,mama3575,1,0.25
Afan,mama3576,1,0.25
Afan,mama3577,1,0.25
Afan,mama3578,1,0.25
Afan,mama3579,1,0.25
Afan,maon ajao2801,3,0.25
Afan,maon ajao2802,3,0.25
Afan,"mimmi BT,1331",9,0.25
Afan,"mimmi BT,3582",1,0.25
Afan,na/ nahin1317,10,0.25
Afan,na/ nahin1318,10,0.25
Afan,na/ nahin1319,10,0.25
Afan,na/ nahin1320,10,0.25
Afan,na/ nahin1321,10,0.25
Afan,na/ nahin1322,10,0.25
Afan,na/ nahin1323,10,0.25
Afan,pani2798,4,0.25
Afan,pani3587,2,0.25
Afan,pani3588,2,0.25
Afan,phool1326,11,0.25
Afan,phool1327,11,0.25
Afan,phool1328,11,0.25
Afan,phool1329,11,0.25
Afan,phool1330,11,0.25
Afan,ta1336,9,0.25
Afan,udhar3317,3,0.25
Afan,vo1350,9,0.25
Afan,yay hai1351,8,0.25
Afan,yay1314,11,0.25
Afan,yay1315,11,0.25
Afan,yay1316,11,0.25
Afan,yay3173,11,0.25
Afan,yay3174,11,0.25
Afan,yay3175,11,0.25
Afan,yay3176,11,0.25
Alice,Oscar3089,1,0.25
Alice,Oscar346,4,0.25
Alice,Oscar347,4,0.25
Alice,Oscar348,4,0.25
Alice,Oscar349,4,0.25
Alice,Oscar350,4,0.25
Alice,apple312,4,0.25
Alice,apple313,4,0.25
Alice,apple314,4,0.25
Alice,apple315,4,0.25
Alice,baby2026,4,0.25
Alice,baby2027,4,0.25
Alice,baby2028,4,0.25
Alice,baby2029,4,0.25
Alice,baby2030,4,0.25
Alice,baby2853,2,0.25
Alice,baby2937,1,0.25
Alice,bang2031,13,0.25
Alice,belly316,9,0.25
Alice,bottle1522,1,0.25
Alice,bottle1523,1,0.25
Alice,bottle2032,1,0.25
Alice,bottle2033,7,0.25
Alice,bottle2034,7,0.25
Alice,bottle2854,1,0.25
Alice,bottle318,3,0.25
Alice,bottle319,3,0.25
Alice,bottle320,3,0.25
Alice,bottle321,3,0.25
Alice,bottle322,3,0.25
Alice,bottle323,3,0.25
Alice,bottle324,3,0.25
Alice,bunny3084,3,0.25
Alice,bunny3085,3,0.25
Alice,bye325,13,0.25
Alice,clean2036,6,0.25
Alice,daddy2037,7,0.25
Alice,daddy2038,7,0.25
Alice,down2039,14,0.25
Alice,down2040,14,0.25
Alice,duck327,3,0.25
Alice,egg328,13,0.25
Alice,egg329,10,0.25
Alice,egg330,13,0.25
Alice,egg331,13,0.25
Alice,egg332,13,0.25
Alice,egg333,13,0.25
Alice,egg334,13,0.25
Alice,egg335,10,0.25
Alice,elephant2041,8,0.25
Alice,elephant2042,1,0.25
Alice,elephant2044,8,0.25
Alice,eye19,9,0.25
Alice,eye336,13,0.25
Alice,eye338,13,0.25
Alice,flowers2045,8,0.25
Alice,flowers2046,7,0.25
Alice,flowers2047,4,0.25
Alice,hat339,13,0.25
Alice,hat340,13,0.25
Alice,hello341,9,0.25
Alice,iron2856,1,0.25
Alice,iron3086,1,0.25
Alice,key342,11,0.25
Alice,lady1524,8,0.25
Alice,lady2048,5,0.25
Alice,lady2049,6,0.25
Alice,man343,7,0.25
Alice,meat344,1,0.25
Alice,milk3087,1,0.25
Alice,mommy1525,4,0.25
Alice,mommy1526,6,0.25
Alice,mommy1527,6,0.25
Alice,mommy2050,4,0.25
Alice,mommy2051,4,0.25
Alice,mommy2857,2,0.25
Alice,mommy2858,1,0.25
Alice,mommy2859,3,0.25
Alice,mommy2860,2,0.25
Alice,no345,9,0.25
Alice,nose3088,1,0.25
Alice,pa309,13,0.25
Alice,pa310,10,0.25
Alice,pa311,13,0.25
Alice,plate2052,1,0.25
Alice,plate351,13,0.25
Alice,plate352,13,0.25
Alice,plate353,10,0.25
Alice,shiny2053,8,0.25
Alice,shiny2054,8,0.25
Alice,shoe354,11,0.25
Alice,tea355,13,0.25
Alice,up356,3,0.25
Alice,up357,3,0.25
Atte,Atti3214,2,0.25
Atte,Atti3215,2,0.25
Atte,Atti3216,2,0.25
Atte,Atti3217,2,0.25
Atte,Atti3218,2,0.25
Atte,Atti3219,2,0.25
Atte,Atti3220,2,0.25
Atte,Atti3221,2,0.25
Atte,Atti3222,2,0.25
Atte,Atti72,1,0.25
Atte,Minni3413,1,0.25
Atte,Minni3414,1,0.25
Atte,Minni3415,1,0.25
Atte,Minni3416,1,0.25
Atte,aja3208,2,0.25
Atte,aja3209,2,0.25
Atte,ankka3210,1,0.25
Atte,ankka3212,1,0.25
Atte,ankka3213,6,0.25
Atte,api1716,5,0.25
Atte,api1717,5,0.25
Atte,api1718,5,0.25
Atte,api1719,5,0.25
Atte,api1720,5,0.25
Atte,auto1721,7,0.25
Atte,auto1722,7,0.25
Atte,auto1723,7,0.25
Atte,auto1724,7,0.25
Atte,auto1725,7,0.25
Atte,auto1726,7,0.25
Atte,auto1727,7,0.25
Atte,auto1728,7,0.25
Atte,auto1729,7,0.25
Atte,auto1730,7,0.25
Atte,auto1731,7,0.25
Atte,auto1732,7,0.25
Atte,auto1733,7,0.25
Atte,auto1734,7,0.25
Atte,auto1735,7,0.25
Atte,auto1736,7,0.25
Atte,auto1737,7,0.25
Atte,auto1738,7,0.25
Atte,auto1739,7,0.25
Atte,auto1740,7,0.25
Atte,auto1741,7,0.25
Atte,auto1742,7,0.25
Atte,auto3223,2,0.25
Atte,auto3224,2,0.25
Atte,auto3225,2,0.25
Atte,auto3226,2,0.25
Atte,auto3227,2,0.25
Atte,auto3228,2,0.25
Atte,auto3229,2,0.25
Atte,auto3230,2,0.25
Atte,auto3231,2,0.25
Atte,auto3232,2,0.25
Atte,auto3233,2,0.25
Atte,auto73,6,0.25
Atte,heppa3234,2,0.25
Atte,isi1743,7,0.25
Atte,isi1744,7,0.25
Atte,isi1745,4,0.25
Atte,isi1746,7,0.25
Atte,isi1747,7,0.25
Atte,isi1748,7,0.25
Atte,isi1749,7,0.25
Atte,isi1750,7,0.25
Atte,kaksi2654,1,0.25
Atte,kala1751,4,0.25
Atte,kello3235,3,0.25
Atte,kello3236,3,0.25
Atte,kello3237,3,0.25
Atte,kippaa3408,2,0.25
Atte,kippaa3409,1,0.25
Atte,loppu3238,2,0.25
Atte,loppu3239,2,0.25
Atte,loppu3240,2,0.25
Atte,loppu3241,2,0.25
Atte,matto3410,1,0.25
Atte,matto3411,1,0.25
Atte,matto3412,1,0.25
Atte,naani2653,1,0.25
Atte,nalle3242,3,0.25
Atte,nalle3243,3,0.25
Atte,pallo3244,3,0.25
Atte,pallo3245,3,0.25
Atte,pappa3418,2,0.25
Atte,pupu2655,1,0.25
Atte,ralliauto3022,1,0.25
Atte,ralliauto3023,1,0.25
Atte,sammui1752,2,0.25
Atte,sammui1753,2,0.25
Atte,sammui1754,2,0.25
Atte,sammui1755,2,0.25
Atte,sammui1756,2,0.25
Atte,sammui3246,2,0.25
Atte,sammui3247,2,0.25
Atte,sammui3646,2,0.25
Atte,sammui3647,2,0.25
Atte,sammui3648,2,0.25
Atte,sammui3649,2,0.25
Atte,sammui3650,2,0.25
Atte,tippui3419,2,0.25
Atte,trakto3420,2,0.25
Atte,trakto3421,1,0.25
Atte,trakto3422,2,0.25
Atte,trakto3423,2,0.25
Atte,trakto3424,2,0.25
Atte,trakto3425,2,0.25
Atte,trakto3426,2,0.25
Atte,ukko3248,1,0.25
Atte,ukko3249,1,0.25
Atte,ukko3250,1,0.25
Atte,ukko3251,1,0.25
Atte,ukko3252,1,0.25
Atte,ukko3253,1,0.25
Atte,ukko3254,1,0.25
Atte,äiti1713,7,0.25
Atte,äiti1714,7,0.25
Atte,äiti1715,7,0.25
Atte,äiti3201,2,0.25
Atte,äiti3202,2,0.25
Atte,äiti3203,2,0.25
Atte,äiti3204,2,0.25
Atte,äiti3205,2,0.25
Atte,äiti3206,2,0.25
Atte,äiti3207,2,0.25
Atte,ääni1712,4,0.25
Cara,aw704,10,0.25
Cara,baba2228,8,0.25
Cara,baba2229,8,0.25
Cara,baby2230,1,0.25
Cara,baby2231,8,0.25
Cara,baby2232,8,0.25
Cara,banana2233,6,0.25
Cara,banana2234,6,0.25
Cara,banana2235,6,0.25
Cara,banana2236,6,0.25
Cara,car2237,5,0.25
Cara,car705,10,0.25
Cara,car706,5,0.25
Cara,cat707,8,0.25
Cara,cat708,8,0.25
Cara,clock709,1,0.25
Cara,crash711,1,0.25
Cara,crash712,7,0.25
Cara,crash713,4,0.25
Cara,crash714,7,0.25
Cara,crash715,7,0.25
Cara,crash716,3,0.25
Cara,crash717,3,0.25
Cara,duck3109,4,0.25
Cara,garden3110,4,0.25
Cara,go719,12,0.25
Cara,hat720,4,0.25
Cara,mama2238,7,0.25
Cara,mama2239,7,0.25
Cara,mama2240,7,0.25
Cara,mama3383,1,0.25
Cara,mama3384,1,0.25
Cara,miaow2241,4,0.25
Cara,miaow721,14,0.25
Cara,miaow722,14,0.25
Cara,miaow723,11,0.25
Cara,no2242,2,0.25
Cara,no724,14,0.25
Cara,no725,14,0.25
Cara,no726,14,0.25
Cara,no727,14,0.25
Cara,no728,14,0.25
Cara,no729,14,0.25
Cara,no730,14,0.25
Cara,rabbit731,2,0.25
Cara,rabbit732,2,0.25
Cara,stick / spoon3111,4,0.25
Cara,stick / spoon3112,4,0.25
Cara,stick / spoon3113,4,0.25
Cara,stick / spoon3114,4,0.25
Cara,stick / spoon733,6,0.25
Cara,stick / spoon734,6,0.25
Cara,stone736,13,0.25
Cara,stone737,11,0.25
Cara,stone738,13,0.25
Cara,there you are2243,7,0.25
Cara,there you are2244,7,0.25
Cara,there you are2245,5,0.25
Cara,woof1562,4,0.25
Cara,woof3071,1,0.25
Cara,wow739,14,0.25
Charles,allo1428,7,0.25
Charles,allo3177,2,0.25
Charles,allo3178,2,0.25
Charles,assis3179,1,0.25
Charles,assis4,3,0.25
Charles,attend1429,9,0.25
Charles,attend1856,5,0.25
Charles,au revoir1430,2,0.25
Charles,au revoir149,2,0.25
Charles,auto1431,9,0.25
Charles,auto1857,9,0.25
Charles,auto6,2,0.25
Charles,balle150,12,0.25
Charles,boire1432,2,0.25
Charles,boire151,3,0.25
Charles,boire152,2,0.25
Charles,boire153,2,0.25
Charles,boire154,13,0.25
Charles,boire155,2,0.25
Charles,boire156,2,0.25
Charles,boire157,2,0.25
Charles,boire158,2,0.25
Charles,boire159,2,0.25
Charles,boire160,2,0.25
Charles,boire161,2,0.25
Charles,boire162,2,0.25
Charles,boire163,2,0.25
Charles,boire3180,2,0.25
Charles,boum164,5,0.25
Charles,boum165,5,0.25
Charles,boum166,5,0.25
Charles,boum3074,3,0.25
Charles,c'est beau1433,11,0.25
Charles,c'est beau170,13,0.25
Charles,c'est beau1858,10,0.25
Charles,c'est bon1859,10,0.25
Charles,chapeau1434,8,0.25
Charles,chapeau1435,8,0.25
Charles,chapeau1436,8,0.25
Charles,chapeau1437,8,0.25
Charles,chapeau1860,10,0.25
Charles,chaud171,9,0.25
Charles,chaud172,9,0.25
Charles,chaussures1438,2,0.25
Charles,chaussures1861,7,0.25
Charles,coucou1862,5,0.25
Charles,coucou1863,5,0.25
Charles,coucou1864,5,0.25
Charles,coucou1865,5,0.25
Charles,coucou1866,5,0.25
Charles,garçon1439,10,0.25
Charles,garçon1440,9,0.25
Charles,garçon1867,9,0.25
Charles,garçon1868,14,0.25
Charles,garçon1869,11,0.25
Charles,garçon1870,9,0.25
Charles,garçon1871,9,0.25
Charles,lapin1441,8,0.25
Charles,lapin1442,8,0.25
Charles,lapin1443,8,0.25
Charles,lapin1444,8,0.25
Charles,lapin1445,8,0.25
Charles,lapin1446,8,0.25
Charles,lapin1447,8,0.25
Charles,lapin1448,8,0.25
Charles,lapin1449,8,0.25
Charles,lapin1450,8,0.25
Charles,lapin1451,8,0.25
Charles,lapin1872,10,0.25
Charles,lapin1873,10,0.25
Charles,les yeux1452,8,0.25
Charles,lolo1874,1,0.25
Charles,lolo1875,3,0.25
Charles,maman1876,2,0.25
Charles,maman1877,1,0.25
Charles,maman1878,2,0.25
Charles,maman1879,2,0.25
Charles,maman1880,2,0.25
Charles,maman1881,2,0.25
Charles,maman1882,2,0.25
Charles,maman1883,2,0.25
Charles,maman1884,2,0.25
Charles,maman1885,2,0.25
Charles,miammiam10,5,0.25
Charles,miammiam193,4,0.25
Charles,miammiam194,4,0.25
Charles,miammiam7,5,0.25
Charles,miammiam8,5,0.25
Charles,miammiam9,5,0.25
Charles,non-non1453,7,0.25
Charles,non-non1886,2,0.25
Charles,non-non1887,6,0.25
Charles,non-non1888,2,0.25
Charles,non-non1889,2,0.25
Charles,non-non1890,2,0.25
Charles,non-non1891,2,0.25
Charles,non-non1892,2,0.25
Charles,non-non1893,2,0.25
Charles,non-non1894,2,0.25
Charles,non-non1895,2,0.25
Charles,non-non1896,2,0.25
Charles,oiseau1454,11,0.25
Charles,oiseau1455,8,0.25
Charles,papa1897,6,0.25
Charles,papa1898,6,0.25
Charles,papa1899,6,0.25
Charles,poupée1900,7,0.25
Charles,tiens174,8,0.25
Charles,tiens175,8,0.25
Charles,tiens176,8,0.25
Charles,tiens177,9,0.25
Charles,tiens178,8,0.25
Charles,tiens179,8,0.25
Charles,tiens180,8,0.25
Charles,tiens181,8,0.25
Charles,tiens182,8,0.25
Charles,tiens183,8,0.25
Charles,tiens184,8,0.25
Charles,tiens185,8,0.25
Charles,tiens186,8,0.25
Charles,tiens187,8,0.25
Charles,tiens188,8,0.25
Charles,tiens189,8,0.25
Charles,tiens190,8,0.25
Charles,tiens191,8,0.25
Charles,va pas1456,8,0.25
Charles,va pas1457,8,0.25
Charles,va pas1458,8,0.25
Charles,va pas1459,8,0.25
Charles,va pas1901,10,0.25
Charles,voire1461,2,0.25
Charles,voire1902,5,0.25
Charles,voire192,2,0.25
Charles,voire3181,2,0.25
Charles,ça167,9,0.25
Charles,ça168,11,0.25
Charles,ça169,2,0.25
Charles,ça3075,2,0.25
Charles,ça3076,5,0.25
Charles,ça3077,5,0.25
Charles,ça3078,5,0.25
Deborah,A20,7,0.25
Deborah,around&around2056,2,0.25
Deborah,around&around2057,2,0.25
Deborah,baa358,6,0.25
Deborah,baby2058,3,0.25
Deborah,baby2059,3,0.25
Deborah,baby2060,3,0.25
Deborah,baby2061,3,0.25
Deborah,baby2062,3,0.25
Deborah,baby2063,3,0.25
Deborah,baby2064,3,0.25
Deborah,baby2065,3,0.25
Deborah,baby2066,3,0.25
Deborah,baby2067,3,0.25
Deborah,baby2068,3,0.25
Deborah,baby2069,3,0.25
Deborah,baby2070,3,0.25
Deborah,baby2071,3,0.25
Deborah,baby2072,3,0.25
Deborah,baby2073,3,0.25
Deborah,baby2074,3,0.25
Deborah,baby2075,3,0.25
Deborah,baby2076,3,0.25
Deborah,baby2077,3,0.25
Deborah,baby2078,3,0.25
Deborah,baby2079,3,0.25
Deborah,baby2080,3,0.25
Deborah,baby2081,3,0.25
Deborah,bagel2082,3,0.25
Deborah,ball1528,7,0.25
Deborah,ball1529,7,0.25
Deborah,ball1530,4,0.25
Deborah,ball359,6,0.25
Deborah,ball360,1,0.25
Deborah,ball361,6,0.25
Deborah,belly button2085,2,0.25
Deborah,book362,2,0.25
Deborah,book363,2,0.25
Deborah,bunny2086,6,0.25
Deborah,bus2087,3,0.25
Deborah,bye2088,7,0.25
Deborah,bye365,6,0.25
Deborah,car2089,2,0.25
Deborah,car366,2,0.25
Deborah,car367,5,0.25
Deborah,car368,5,0.25
Deborah,car369,5,0.25
Deborah,car370,5,0.25
Deborah,cheese371,3,0.25
Deborah,cheese372,5,0.25
Deborah,cheese373,3,0.25
Deborah,cow374,5,0.25
Deborah,cracker1531,3,0.25
Deborah,cracker2091,2,0.25
Deborah,eye21,7,0.25
Deborah,eye22,7,0.25
Deborah,eye375,3,0.25
Deborah,good377,7,0.25
Deborah,good378,5,0.25
Deborah,hello1532,4,0.25
Deborah,hello1533,4,0.25
Deborah,hello379,2,0.25
Deborah,hi23,7,0.25
Deborah,hi380,6,0.25
Deborah,hi381,6,0.25
Deborah,hi382,6,0.25
Deborah,hot24,7,0.25
Deborah,kittycat2092,2,0.25
Deborah,"mommy, mama2093",2,0.25
Deborah,"mommy, mama2094",2,0.25
Deborah,more1534,2,0.25
Deborah,my/mine383,2,0.25
Deborah,okay384,7,0.25
Deborah,okay385,7,0.25
Deborah,one386,4,0.25
Deborah,one387,4,0.25
Deborah,pickle2095,3,0.25
Deborah,spaghetti388,1,0.25
Deborah,teeth389,6,0.25
Deborah,teeth390,2,0.25
Deborah,two391,6,0.25
Deborah,uh-oh1535,4,0.25
Deborah,uh-oh1536,4,0.25
Deborah,uh-oh1537,4,0.25
Deborah,uh-oh1538,4,0.25
Deborah,uh-oh1539,4,0.25
Deborah,what's that?1540,3,0.25
Eelis,Eetu1757,3,0.25
Eelis,Eetu1758,3,0.25
Eelis,Eetu3264,2,0.25
Eelis,Hippi3268,2,0.25
Eelis,Hippi3269,2,0.25
Eelis,Hippi3270,2,0.25
Eelis,ankka3255,1,0.25
Eelis,ankka3256,1,0.25
Eelis,ankka3257,1,0.25
Eelis,ankka3258,1,0.25
Eelis,ankka3259,1,0.25
Eelis,ankka3260,1,0.25
Eelis,ankka3261,1,0.25
Eelis,aukasta3263,1,0.25
Eelis,bää1207,4,0.25
Eelis,bää1208,4,0.25
Eelis,ei74,4,0.25
Eelis,heppa3265,2,0.25
Eelis,heppa3266,2,0.25
Eelis,heppa3267,2,0.25
Eelis,heppa3427,1,0.25
Eelis,heppa3428,1,0.25
Eelis,heppa3429,1,0.25
Eelis,heppa3430,1,0.25
Eelis,heppa3431,1,0.25
Eelis,heppa3432,1,0.25
Eelis,heppa3433,1,0.25
Eelis,heppa3434,1,0.25
Eelis,heppa3435,1,0.25
Eelis,heppa3436,1,0.25
Eelis,heppa3437,1,0.25
Eelis,heppa3438,1,0.25
Eelis,heppa3439,1,0.25
Eelis,istuu3271,2,0.25
Eelis,istuu3272,2,0.25
Eelis,istuu3273,2,0.25
Eelis,istuu3274,2,0.25
Eelis,istuu3275,2,0.25
Eelis,itkee3276,1,0.25
Eelis,kakka3440,2,0.25
Eelis,kakka3441,2,0.25
Eelis,kakka3442,2,0.25
Eelis,kakka3443,2,0.25
Eelis,kiikkaa1209,4,0.25
Eelis,kiikkaa3444,2,0.25
Eelis,kiikkaa3445,2,0.25
Eelis,kiikkaa3446,2,0.25
Eelis,kiikkaa3447,2,0.25
Eelis,kiikkaa3448,2,0.25
Eelis,kiikkaa3449,2,0.25
Eelis,kiikkaa3450,2,0.25
Eelis,kiikkaa3451,2,0.25
Eelis,kiikkaa3452,2,0.25
Eelis,kiikkaa3453,2,0.25
Eelis,kiinni1210,4,0.25
Eelis,kiinni1211,4,0.25
Eelis,kiinni1212,4,0.25
Eelis,kiinni1213,4,0.25
Eelis,kiinni1214,4,0.25
Eelis,kiinni1215,4,0.25
Eelis,kiinni1216,4,0.25
Eelis,kiinni1217,4,0.25
Eelis,kiitos1218,4,0.25
Eelis,kukka3454,2,0.25
Eelis,kukka3455,2,0.25
Eelis,loppu1219,1,0.25
Eelis,loppu1220,1,0.25
Eelis,loppu3277,2,0.25
Eelis,makkara3278,1,0.25
Eelis,mamma3456,1,0.25
Eelis,mamma3457,1,0.25
Eelis,nappi3279,2,0.25
Eelis,noin1221,3,0.25
Eelis,noin1222,2,0.25
Eelis,noin1223,3,0.25
Eelis,noin1224,2,0.25
Eelis,omppu1225,1,0.25
Eelis,omppu3280,2,0.25
Eelis,pappa3458,1,0.25
Eelis,pipi2656,2,0.25
Eelis,pipi3459,2,0.25
Eelis,pipi3460,2,0.25
Eelis,pois1227,4,0.25
Eelis,pois1228,4,0.25
Eelis,pois1229,4,0.25
Eelis,pois1230,4,0.25
Eelis,pois1231,4,0.25
Eelis,pois1232,4,0.25
Eelis,pois1233,4,0.25
Eelis,pois1234,4,0.25
Eelis,poppa2657,2,0.25
Eelis,puu1236,4,0.25
Eelis,pää1226,4,0.25
Eelis,rikki3281,1,0.25
Eelis,rikki3282,1,0.25
Eelis,räppäa1759,2,0.25
Eelis,suu75,4,0.25
Eelis,suu76,4,0.25
Eelis,suu77,4,0.25
Eelis,tuo1237,4,0.25
Eelis,tuo1238,4,0.25
Eelis,tuu1239,4,0.25
Eliisa,bää1240,4,0.25
Eliisa,bää1241,4,0.25
Eliisa,bää1242,4,0.25
Eliisa,"haloo, hallo1760",6,0.25
Eliisa,"haloo, hallo1761",6,0.25
Eliisa,hauva1243,6,0.25
Eliisa,hauva2658,6,0.25
Eliisa,hauva2659,6,0.25
Eliisa,hauva2660,1,0.25
Eliisa,hauva78,6,0.25
Eliisa,hauva79,6,0.25
Eliisa,hauva80,6,0.25
Eliisa,ihaha2909,1,0.25
Eliisa,ihaha3289,1,0.25
Eliisa,ihaha3630,1,0.25
Eliisa,isi1762,3,0.25
Eliisa,isi1763,3,0.25
Eliisa,isi1764,3,0.25
Eliisa,isi1765,3,0.25
Eliisa,isi1766,3,0.25
Eliisa,isi1767,3,0.25
Eliisa,isi1768,3,0.25
Eliisa,isi1769,3,0.25
Eliisa,isi1770,3,0.25
Eliisa,isi1771,3,0.25
Eliisa,isi1772,3,0.25
Eliisa,isi1773,3,0.25
Eliisa,juusto1774,2,0.25
Eliisa,juusto1775,2,0.25
Eliisa,juusto1776,2,0.25
Eliisa,juusto1777,2,0.25
Eliisa,juusto1778,2,0.25
Eliisa,juusto1779,2,0.25
Eliisa,juusto1780,2,0.25
Eliisa,juusto1781,2,0.25
Eliisa,juusto1782,2,0.25
Eliisa,juusto1783,2,0.25
Eliisa,juusto1784,2,0.25
Eliisa,kakalla2661,2,0.25
Eliisa,kakalla2662,2,0.25
Eliisa,kakku3461,1,0.25
Eliisa,kiikkuu1244,5,0.25
Eliisa,kiikkuu2663,2,0.25
Eliisa,kiikkuu3462,1,0.25
Eliisa,kiikkuu3463,1,0.25
Eliisa,kiikkuu3464,1,0.25
Eliisa,kiikkuu3465,1,0.25
Eliisa,kiikkuu3466,1,0.25
Eliisa,kiikkuu3467,1,0.25
Eliisa,kirja1245,5,0.25
Eliisa,kirja1246,5,0.25
Eliisa,kirja1247,5,0.25
Eliisa,kissa3284,2,0.25
Eliisa,kissa3285,2,0.25
Eliisa,kissa3286,2,0.25
Eliisa,kissa3287,2,0.25
Eliisa,kissa3288,2,0.25
Eliisa,kukka3468,1,0.25
Eliisa,kukkia3469,1,0.25
Eliisa,kukkia3470,1,0.25
Eliisa,litu2664,2,0.25
Eliisa,litu2665,2,0.25
Eliisa,litu2666,2,0.25
Eliisa,litu2667,2,0.25
Eliisa,litu2668,2,0.25
Eliisa,litu2669,2,0.25
Eliisa,mummu /muumu2670,2,0.25
Eliisa,mummu /muumu2671,2,0.25
Eliisa,muumi1249,3,0.25
Eliisa,muumi1250,3,0.25
Eliisa,nukke3472,1,0.25
Eliisa,nukke3473,1,0.25
Eliisa,nukkuu3474,1,0.25
Eliisa,nukkuu3475,1,0.25
Eliisa,oho1785,3,0.25
Eliisa,oho1786,3,0.25
Eliisa,oho1787,3,0.25
Eliisa,oho1788,3,0.25
Eliisa,pallo3476,1,0.25
Eliisa,pallo3477,1,0.25
Eliisa,paperi2672,2,0.25
Eliisa,paperi2673,2,0.25
Eliisa,paperi2674,2,0.25
Eliisa,pappa3478,1,0.25
Eliisa,pappa3479,1,0.25
Eliisa,pappa3480,1,0.25
Eliisa,pappa3481,1,0.25
Eliisa,piiloon1789,6,0.25
Eliisa,pomppi3482,1,0.25
Eliisa,pomppi3483,1,0.25
Eliisa,pupu2675,2,0.25
Eliisa,pupu2676,2,0.25
Eliisa,pupu2677,2,0.25
Eliisa,rikki3484,1,0.25
Eliisa,"tippu, tippuu3485",1,0.25
Eliisa,"tippu, tippuu3486",1,0.25
Eliisa,tuo1251,5,0.25
Eliisa,tuo1252,5,0.25
Eliisa,tuo1253,5,0.25
Eliisa,tuo1254,5,0.25
Eliisa,tuo1255,5,0.25
Eliisa,tyttö3170,1,0.25
Eliisa,tyttö3487,2,0.25
Eliisa,tyttö3488,2,0.25
Eliisa,tyttö3489,2,0.25
Eliisa,tyttö3490,2,0.25
Eliisa,tyttö3491,2,0.25
Eliisa,tyttö3492,2,0.25
Eliisa,tyttö3493,2,0.25
Eliisa,tyttö3494,2,0.25
Eliisa,tyttö3495,2,0.25
Eliisa,tyttö3496,2,0.25
Eliisa,vettä2678,2,0.25
Ella,Michelle3115,16,0.25
Ella,Michelle776,28,0.25
Ella,Michelle777,5,0.25
Ella,Michelle778,6,0.25
Ella,Michelle779,28,0.25
Ella,aah1580,19,0.25
Ella,aah1581,19,0.25
Ella,aah784,8,0.25
Ella,ah ah1582,19,0.25
Ella,ah ah2303,8,0.25
Ella,apple1563,14,0.25
Ella,baby2247,16,0.25
Ella,baby2248,10,0.25
Ella,baby2249,3,0.25
Ella,baby2250,16,0.25
Ella,baby2251,10,0.25
Ella,baby2951,2,0.25
Ella,ball740,5,0.25
Ella,ball741,11,0.25
Ella,ball742,1,0.25
Ella,ball743,11,0.25
Ella,bed2252,14,0.25
Ella,bed2253,18,0.25
Ella,bed744,1,0.25
Ella,bed745,11,0.25
Ella,beep beep3058,1,0.25
Ella,bottle2254,18,0.25
Ella,bottle2255,5,0.25
Ella,bottle2256,18,0.25
Ella,bottle2257,12,0.25
Ella,bottle2258,12,0.25
Ella,bottle2259,5,0.25
Ella,bottle2260,1,0.25
Ella,bottle2261,18,0.25
Ella,bottle2262,18,0.25
Ella,bottle2263,11,0.25
Ella,bottle2264,2,0.25
Ella,bottle2265,18,0.25
Ella,brush1564,7,0.25
Ella,brush746,4,0.25
Ella,bye2266,20,0.25
Ella,bye2267,8,0.25
Ella,bye2268,9,0.25
Ella,bye2269,8,0.25
Ella,bye2270,8,0.25
Ella,bye2271,1,0.25
Ella,bye2272,8,0.25
Ella,bye2952,2,0.25
Ella,bye747,5,0.25
Ella,cake748,10,0.25
Ella,cake749,10,0.25
Ella,cake750,10,0.25
Ella,cake751,10,0.25
Ella,cake752,1,0.25
Ella,cake753,10,0.25
Ella,cake754,10,0.25
Ella,cuddle1565,16,0.25
Ella,cup2953,1,0.25
Ella,cup2954,1,0.25
Ella,cup755,11,0.25
Ella,cup756,11,0.25
Ella,daddy2273,3,0.25
Ella,door2274,8,0.25
Ella,door757,10,0.25
Ella,door758,14,0.25
Ella,fall759,4,0.25
Ella,glasses1566,8,0.25
Ella,glasses1567,13,0.25
Ella,glasses2275,5,0.25
Ella,glasses2865,4,0.25
Ella,glasses2866,7,0.25
Ella,glasses2867,1,0.25
Ella,glasses3029,1,0.25
Ella,hair760,15,0.25
Ella,hair761,15,0.25
Ella,hair762,24,0.25
Ella,hair763,24,0.25
Ella,hair764,15,0.25
Ella,hair765,15,0.25
Ella,horsey1568,25,0.25
Ella,horsey1569,7,0.25
Ella,horsey1570,1,0.25
Ella,horsey1571,7,0.25
Ella,horsey1572,25,0.25
Ella,horsey1573,25,0.25
Ella,horsey1574,7,0.25
Ella,horsey38,4,0.25
Ella,hot2276,6,0.25
Ella,hot2277,16,0.25
Ella,house2278,6,0.25
Ella,house2279,8,0.25
Ella,house2280,11,0.25
Ella,house2281,11,0.25
Ella,house2282,8,0.25
Ella,house2283,8,0.25
Ella,house766,19,0.25
Ella,house767,5,0.25
Ella,house768,17,0.25
Ella,in1575,2,0.25
Ella,in769,2,0.25
Ella,in770,1,0.25
Ella,in771,2,0.25
Ella,in772,2,0.25
Ella,in773,2,0.25
Ella,me774,20,0.25
Ella,mummy2284,7,0.25
Ella,mummy2285,6,0.25
Ella,mummy2286,8,0.25
Ella,mummy2287,7,0.25
Ella,mummy2288,7,0.25
Ella,on39,15,0.25
Ella,on40,15,0.25
Ella,on41,15,0.25
Ella,on42,15,0.25
Ella,on43,15,0.25
Ella,on780,3,0.25
Ella,open1577,8,0.25
Ella,out1578,6,0.25
Ella,pap pap2289,1,0.25
Ella,pap pap2290,4,0.25
Ella,piggie2291,21,0.25
Ella,piggie2292,12,0.25
Ella,piggie2293,6,0.25
Ella,piggie2294,21,0.25
Ella,piggie2295,21,0.25
Ella,plate2296,9,0.25
Ella,plate2297,5,0.25
Ella,plate2298,8,0.25
Ella,plate2299,2,0.25
Ella,plate3116,6,0.25
Ella,plate781,1,0.25
Ella,play782,6,0.25
Ella,play783,6,0.25
Ella,spoon1579,8,0.25
Ella,spoon2869,2,0.25
Ella,spoon2870,2,0.25
Ella,spoon3117,4,0.25
Ella,toast2300,7,0.25
Ella,toast2301,1,0.25
Ella,toast2302,1,0.25
Ella,woof woof1583,8,0.25
Ella,woof woof3030,3,0.25
Emily,A26,14,0.25
Emily,A427,13,0.25
Emily,A428,13,0.25
Emily,A429,13,0.25
Emily,B430,14,0.25
Emily,B431,14,0.25
Emily,B432,14,0.25
Emily,B433,14,0.25
Emily,B434,14,0.25
Emily,B435,14,0.25
Emily,B436,14,0.25
Emily,B437,14,0.25
Emily,Big Bird3331,2,0.25
Emily,Big Bird3332,2,0.25
Emily,Burt401,14,0.25
Emily,Burt402,14,0.25
Emily,Burt403,14,0.25
Emily,Burt404,14,0.25
Emily,Burt405,14,0.25
Emily,Bɑmbi2096,8,0.25
Emily,Bɑmbi2097,11,0.25
Emily,C438,13,0.25
Emily,Cookie2104,8,0.25
Emily,Cookie2105,6,0.25
Emily,Ernie1544,1,0.25
Emily,I27,14,0.25
Emily,I28,14,0.25
Emily,I29,14,0.25
Emily,I30,14,0.25
Emily,I31,14,0.25
Emily,I32,14,0.25
Emily,I33,14,0.25
Emily,I34,14,0.25
Emily,Oscɑr2114,7,0.25
Emily,Oscɑr3183,2,0.25
Emily,P2115,9,0.25
Emily,beɑds2098,9,0.25
Emily,beɑds2099,9,0.25
Emily,beɑds395,14,0.25
Emily,beɑds396,14,0.25
Emily,bib397,17,0.25
Emily,bib398,14,0.25
Emily,box399,14,0.25
Emily,box400,14,0.25
Emily,button2100,10,0.25
Emily,button2101,10,0.25
Emily,button406,17,0.25
Emily,choochoo2103,8,0.25
Emily,cɑr2102,9,0.25
Emily,cɑr407,11,0.25
Emily,mail [reject/lmcc]408,12,0.25
Emily,man [reject/lmcc]409,6,0.25
Emily,more410,12,0.25
Emily,more411,12,0.25
Emily,more412,12,0.25
Emily,more413,12,0.25
Emily,more414,12,0.25
Emily,more415,12,0.25
Emily,nine3090,3,0.25
Emily,no2107,4,0.25
Emily,no2108,4,0.25
Emily,no2109,4,0.25
Emily,no2110,4,0.25
Emily,no2111,4,0.25
Emily,no2112,4,0.25
Emily,no2113,4,0.25
Emily,no2940,2,0.25
Emily,no3091,3,0.25
Emily,no416,10,0.25
Emily,no417,10,0.25
Emily,no418,10,0.25
Emily,no419,10,0.25
Emily,no420,10,0.25
Emily,no421,10,0.25
Emily,no422,10,0.25
Emily,nose [reject/lmcc]423,10,0.25
Emily,open2941,1,0.25
Emily,overɑlls1545,11,0.25
Emily,overɑlls2861,2,0.25
Emily,ten424,10,0.25
Emily,tick-tock2117,8,0.25
Emily,tick-tock2945,3,0.25
Emily,tick-tock3054,2,0.25
Emily,tick-tock3055,1,0.25
Emily,tickle-tickle2116,2,0.25
Emily,tickle-tickle2942,2,0.25
Emily,tickle-tickle2943,5,0.25
Emily,tickle-tickle2944,5,0.25
Emily,toes425,10,0.25
Emily,truck426,3,0.25
Emily,two3092,3,0.25
Emily,up25,14,0.25
Emily,walking2118,9,0.25
Emily,wɑter2119,7,0.25
Emily,wɑter2120,7,0.25
Emily,wɑter2121,1,0.25
Emily,wɑter2122,7,0.25
Emily,wɑter2123,7,0.25
Emily,wɑter2124,7,0.25
Emily,wɑter2125,7,0.25
Emily,wɑter2126,7,0.25
Emily,wɑter2127,7,0.25
Emily,wɑter2862,3,0.25
Emily,ɑll gone1541,11,0.25
Emily,ɑll gone392,11,0.25
Emily,ɑpple1542,14,0.25
Emily,ɑpple1543,14,0.25
Emily,ɑpple3621,1,0.25
Emily,ɑpple393,17,0.25
Emily,ɑpple394,17,0.25
Flora,) bib on2316,14,0.25
Flora,) bib on2317,14,0.25
Flora,) bib on2318,6,0.25
Flora,) bib on2319,14,0.25
Flora,) bib on2320,14,0.25
Flora,) bib on2321,14,0.25
Flora,) bib on2322,14,0.25
Flora,) bib on2323,14,0.25
Flora,) bib on2324,14,0.25
Flora,) bib on2325,14,0.25
Flora,) bib on2326,14,0.25
Flora,) bib on2327,14,0.25
Flora,) bib on2328,14,0.25
Flora,) bib on2329,6,0.25
Flora,) bib on2331,6,0.25
Flora,) bib on2332,14,0.25
Flora,) bib on2333,14,0.25
Flora,) bib on2334,14,0.25
Flora,) bib on2335,14,0.25
Flora,) bib on2336,14,0.25
Flora,) bib on2337,14,0.25
Flora,) bib on2338,14,0.25
Flora,) bib on2339,15,0.25
Flora,) bib on2340,14,0.25
Flora,) bib on2341,6,0.25
Flora,) bib on2342,14,0.25
Flora,) bib on2343,14,0.25
Flora,) bib on2344,13,0.25
Flora,) bib on2345,14,0.25
Flora,) bib on2346,14,0.25
Flora,) bib on2347,14,0.25
Flora,Elma2357,13,0.25
Flora,baby2304,5,0.25
Flora,baby2305,26,0.25
Flora,baby2306,5,0.25
Flora,baby2307,24,0.25
Flora,baby2308,26,0.25
Flora,baby2309,26,0.25
Flora,baby2310,18,0.25
Flora,baby2311,22,0.25
Flora,baby2312,26,0.25
Flora,baby2313,26,0.25
Flora,baby785,27,0.25
Flora,baby786,24,0.25
Flora,ball787,40,0.25
Flora,balloon2314,11,0.25
Flora,banana2315,12,0.25
Flora,bed788,28,0.25
Flora,bed789,7,0.25
Flora,bed790,26,0.25
Flora,bed791,28,0.25
Flora,bed792,27,0.25
Flora,bib793,27,0.25
Flora,bib794,24,0.25
Flora,bib795,27,0.25
Flora,bib796,27,0.25
Flora,bib797,27,0.25
Flora,bib798,27,0.25
Flora,bib799,27,0.25
Flora,bib800,27,0.25
Flora,bib801,27,0.25
Flora,bib802,27,0.25
Flora,bib803,27,0.25
Flora,bib804,27,0.25
Flora,blanket2349,1,0.25
Flora,boo805,33,0.25
Flora,bunny2350,20,0.25
Flora,bye806,40,0.25
Flora,cuddles2351,13,0.25
Flora,cuddles2352,14,0.25
Flora,cuddles2353,14,0.25
Flora,cuddles2354,10,0.25
Flora,cuddles2355,9,0.25
Flora,cuddles2356,14,0.25
Flora,cuddles2871,7,0.25
Flora,cuddles2961,5,0.25
Flora,cuddles2962,7,0.25
Flora,cuddles2963,7,0.25
Flora,giraffe2358,18,0.25
Flora,giraffe2359,10,0.25
Flora,giraffe2360,12,0.25
Flora,girl807,29,0.25
Flora,hat on1584,10,0.25
Flora,hat on2361,3,0.25
Flora,hat on2362,7,0.25
Flora,hat on2363,11,0.25
Flora,hat on2364,7,0.25
Flora,hat on2365,7,0.25
Flora,hat on2366,7,0.25
Flora,hat808,19,0.25
Flora,hat809,19,0.25
Flora,hat810,19,0.25
Flora,hat811,9,0.25
Flora,hat812,19,0.25
Flora,head813,3,0.25
Flora,hello1585,16,0.25
Flora,keys1586,13,0.25
Flora,keys2367,10,0.25
Flora,keys814,23,0.25
Flora,keys815,3,0.25
Flora,keys816,6,0.25
Flora,lion2368,5,0.25
Flora,lion2369,14,0.25
Flora,milk817,19,0.25
Flora,milk818,22,0.25
Flora,milk819,19,0.25
Flora,milk820,19,0.25
Flora,milk821,6,0.25
Flora,milk822,19,0.25
Flora,milk823,19,0.25
Flora,milk824,19,0.25
Flora,milk825,18,0.25
Flora,milk826,32,0.25
Flora,monkey2370,5,0.25
Flora,monkey2371,6,0.25
Flora,monkey2373,8,0.25
Flora,monkey2374,5,0.25
Flora,monkey2375,5,0.25
Flora,monkey2376,5,0.25
Flora,monkey2377,5,0.25
Flora,monkey2378,5,0.25
Flora,monkey2379,26,0.25
Flora,monkey2380,5,0.25
Flora,monkey2381,5,0.25
Flora,monkey3385,2,0.25
Flora,monkey3386,2,0.25
Flora,monkey827,4,0.25
Flora,monkey828,7,0.25
Flora,mouse829,34,0.25
Flora,mum830,14,0.25
Flora,mum831,14,0.25
Flora,night night2382,4,0.25
Flora,no832,25,0.25
Flora,no833,25,0.25
Flora,no834,25,0.25
Flora,no835,25,0.25
Flora,no836,25,0.25
Flora,no837,25,0.25
Flora,no838,9,0.25
Flora,no839,25,0.25
Flora,no840,14,0.25
Flora,off2383,3,0.25
Flora,off44,2,0.25
Flora,off841,20,0.25
Flora,off842,2,0.25
Flora,off843,18,0.25
Flora,off844,18,0.25
Flora,oh/ooh2384,13,0.25
Flora,oh/ooh2385,13,0.25
Flora,oh/ooh45,38,0.25
Flora,oh/ooh46,38,0.25
Flora,oh/ooh47,38,0.25
Flora,oh/ooh845,24,0.25
Flora,oh/ooh846,24,0.25
Flora,oh/ooh847,24,0.25
Flora,oh/ooh848,24,0.25
Flora,oh/ooh849,24,0.25
Flora,oh/ooh850,24,0.25
Flora,oh/ooh851,24,0.25
Flora,oh/ooh852,24,0.25
Flora,on853,16,0.25
Flora,oops3118,10,0.25
Flora,peek-a-boo2386,7,0.25
Flora,peek-a-boo2387,6,0.25
Flora,peek-a-boo2388,8,0.25
Flora,peek-a-boo2389,7,0.25
Flora,peek-a-boo2964,8,0.25
Flora,peek-a-boo2965,9,0.25
Flora,peek-a-boo2966,9,0.25
Flora,peek-a-boo2967,6,0.25
Flora,peek-a-boo2968,1,0.25
Flora,peek-a-boo2970,9,0.25
Flora,peek-a-boo2971,9,0.25
Flora,push854,33,0.25
Flora,rabbit2390,15,0.25
Flora,sleep855,24,0.25
Flora,sleep856,27,0.25
Flora,sleep857,27,0.25
Flora,snake858,19,0.25
Flora,snake859,14,0.25
Flora,sshh3119,33,0.25
Flora,story2872,3,0.25
Flora,ta860,29,0.25
Flora,there861,30,0.25
Flora,uh-oh2391,13,0.25
Flora,uh-oh2392,13,0.25
Flora,up862,16,0.25
Flora,where did she go2972,3,0.25
Flora,where864,28,0.25
Flora,yeah865,30,0.25
Flora,yeah866,30,0.25
Flora,yeah867,14,0.25
Flora,yeah868,30,0.25
Flora,yeah869,14,0.25
Flora,yeah870,30,0.25
Flora,yeah871,16,0.25
Flora,yeah872,16,0.25
Flora,yeah873,16,0.25
Flora,yeah874,30,0.25
Flora,yeah875,30,0.25
Flora,yeah876,13,0.25
Flora,yeah877,30,0.25
Flora,yeah878,30,0.25
Flora,yeah879,30,0.25
Flora,yeah880,30,0.25
Flora,yeah881,30,0.25
Flora,yeah882,30,0.25
Flora,yeah883,30,0.25
Flora,yeah884,30,0.25
Flora,yeah885,13,0.25
Flora,yeah886,25,0.25
Flora,yeah887,30,0.25
Flora,yeah888,30,0.25
Flora,yeah889,3,0.25
Flora,yeah890,30,0.25
Flora,yeah891,30,0.25
Flora,yeah892,30,0.25
Flora,yeah893,30,0.25
Flora,yeah894,30,0.25
Flora,yeah895,30,0.25
Flora,yeah896,30,0.25
Flora,yeah897,30,0.25
Flora,yes please2393,10,0.25
Flora,yes please2394,16,0.25
Flora,yes898,27,0.25
Flora,yes899,4,0.25
Gaël,accrocher1903,5,0.25
Gaël,accrocher1904,5,0.25
Gaël,ballon1905,1,0.25
Gaël,bleu195,10,0.25
Gaël,bleu196,2,0.25
Gaël,bleu197,2,0.25
Gaël,bleu198,2,0.25
Gaël,bleu199,2,0.25
Gaël,bleu200,2,0.25
Gaël,bleu201,2,0.25
Gaël,bleu202,2,0.25
Gaël,bébé1906,4,0.25
Gaël,bébé1907,4,0.25
Gaël,bébé1908,4,0.25
Gaël,bébé1909,4,0.25
Gaël,bébé1910,4,0.25
Gaël,bébé1911,4,0.25
Gaël,bébé1912,4,0.25
Gaël,bébé1913,4,0.25
Gaël,bébé1914,4,0.25
Gaël,bébé1915,4,0.25
Gaël,bébé1916,4,0.25
Gaël,bébé1917,4,0.25
Gaël,c'est ça11,3,0.25
Gaël,c'est ça1462,11,0.25
Gaël,c'est ça1463,11,0.25
Gaël,c'est ça1464,11,0.25
Gaël,c'est ça1465,11,0.25
Gaël,c'est ça1466,11,0.25
Gaël,c'est ça1467,11,0.25
Gaël,c'est ça1468,11,0.25
Gaël,c'est ça1469,11,0.25
Gaël,c'est ça1470,11,0.25
Gaël,c'est ça1471,11,0.25
Gaël,c'est ça1472,11,0.25
Gaël,c'est ça1473,11,0.25
Gaël,c'est ça1474,11,0.25
Gaël,c'est ça1475,11,0.25
Gaël,c'est ça1476,11,0.25
Gaël,c'est ça1477,11,0.25
Gaël,c'est ça1478,11,0.25
Gaël,c'est ça1479,11,0.25
Gaël,c'est ça1918,8,0.25
Gaël,casser1480,11,0.25
Gaël,casser1919,8,0.25
Gaël,chercher1481,10,0.25
Gaël,chercher1482,11,0.25
Gaël,chercher1920,7,0.25
Gaël,dedans1483,9,0.25
Gaël,deux203,9,0.25
Gaël,dodo1921,6,0.25
Gaël,dormir204,9,0.25
Gaël,feu1486,6,0.25
Gaël,grelot1487,7,0.25
Gaël,gros1488,3,0.25
Gaël,gros1489,3,0.25
Gaël,gros1490,3,0.25
Gaël,grosse1491,1,0.25
Gaël,ici12,3,0.25
Gaël,ici1492,11,0.25
Gaël,la dame la2847,2,0.25
Gaël,là bas1493,12,0.25
Gaël,là bas1494,12,0.25
Gaël,là205,8,0.25
Gaël,là206,8,0.25
Gaël,là207,8,0.25
Gaël,là208,8,0.25
Gaël,là209,8,0.25
Gaël,là210,8,0.25
Gaël,là211,8,0.25
Gaël,là212,8,0.25
Gaël,là213,8,0.25
Gaël,là214,8,0.25
Gaël,là215,8,0.25
Gaël,là216,8,0.25
Gaël,là217,8,0.25
Gaël,là218,8,0.25
Gaël,là219,8,0.25
Gaël,là220,8,0.25
Gaël,là221,8,0.25
Gaël,là222,8,0.25
Gaël,là223,8,0.25
Gaël,machine1495,10,0.25
Gaël,machine224,9,0.25
Gaël,maman1496,6,0.25
Gaël,maman1923,2,0.25
Gaël,maman1924,2,0.25
Gaël,maman1925,2,0.25
Gaël,maman1926,2,0.25
Gaël,maman225,8,0.25
Gaël,maman226,8,0.25
Gaël,non227,6,0.25
Gaël,non228,6,0.25
Gaël,ouais229,6,0.25
Gaël,ouais230,6,0.25
Gaël,ouais231,6,0.25
Gaël,ouais232,6,0.25
Gaël,ouais233,6,0.25
Gaël,ouais234,6,0.25
Gaël,ouais235,6,0.25
Gaël,oui236,6,0.25
Gaël,oui237,6,0.25
Gaël,oui238,6,0.25
Gaël,oui239,6,0.25
Gaël,oui240,6,0.25
Gaël,oui241,6,0.25
Gaël,oui242,6,0.25
Gaël,oui243,6,0.25
Gaël,ouvre13,2,0.25
Gaël,ouvre14,2,0.25
Gaël,ouvre1497,4,0.25
Gaël,ouvre1498,4,0.25
Gaël,ouvre15,2,0.25
Gaël,ouvre244,1,0.25
Gaël,ouvrir1499,4,0.25
Gaël,ouvrir1500,4,0.25
Gaël,ouvrir1501,1,0.25
Gaël,ouvrir1502,4,0.25
Gaël,ouvrir1503,1,0.25
Gaël,ouvrir1504,1,0.25
Gaël,papa1505,2,0.25
Gaël,papa1927,3,0.25
Gaël,papa245,1,0.25
Gaël,pas1506,11,0.25
Gaël,pas1507,11,0.25
Gaël,plus1508,2,0.25
Gaël,roue1509,7,0.25
Gaël,roue1510,7,0.25
Gaël,sou1511,11,0.25
Gaël,sou1512,11,0.25
Gaël,sou1513,11,0.25
Gaël,tas1514,11,0.25
Gaël,tas1515,11,0.25
Gaël,tas246,10,0.25
Gaël,tas247,10,0.25
Gaël,tas248,10,0.25
Gaël,tout seul1929,6,0.25
Gaël,vert250,6,0.25
Gaël,voiture1930,6,0.25
Gaël,voiture1931,6,0.25
Gaël,écrit1484,4,0.25
Gaël,écrit1485,4,0.25
Haruo,are1806,3,0.25
Haruo,are1807,3,0.25
Haruo,are1808,3,0.25
Haruo,atta3311,2,0.25
Haruo,açi2770,3,0.25
Haruo,aʨ:i3308,2,0.25
Haruo,aʨ:i3309,2,0.25
Haruo,aʨ:i3310,2,0.25
Haruo,baNʑai2759,5,0.25
Haruo,baibai2750,3,0.25
Haruo,bebi2910,1,0.25
Haruo,bɯbɯ1299,7,0.25
Haruo,bɯbɯ2751,8,0.25
Haruo,dak:o3564,1,0.25
Haruo,dame1298,5,0.25
Haruo,deNwa2760,5,0.25
Haruo,do:dʑo2761,1,0.25
Haruo,doN1293,9,0.25
Haruo,doN1294,3,0.25
Haruo,doko2762,2,0.25
Haruo,dʑampɯ1295,1,0.25
Haruo,dʑampɯ1296,2,0.25
Haruo,haro:1300,3,0.25
Haruo,ija1809,3,0.25
Haruo,ija1810,3,0.25
Haruo,itai1811,6,0.25
Haruo,joiɕo2772,2,0.25
Haruo,koko2753,3,0.25
Haruo,koko2754,3,0.25
Haruo,kore2765,3,0.25
Haruo,kɯk:ɯ3563,1,0.25
Haruo,mama2755,1,0.25
Haruo,mo:1291,5,0.25
Haruo,nai1292,6,0.25
Haruo,nainai2756,2,0.25
Haruo,nainai2757,2,0.25
Haruo,nɯgɯ2766,6,0.25
Haruo,pop:o2758,3,0.25
Haruo,taʨ:I2767,3,0.25
Haruo,waNwaN2769,1,0.25
Haruo,ʥɯ:sɯ2763,1,0.25
Haruo,ʥɯ:sɯ2764,6,0.25
Hiromi,ãnjo1799,3,0.25
Hiromi,baː1272,8,0.25
Hiromi,beːbiː2724,6,0.25
Hiromi,boːɾɯ1268,8,0.25
Hiromi,fiɕːɯ1267,2,0.25
Hiromi,gao1274,6,0.25
Hiromi,ha90,6,0.25
Hiromi,haʨi2733,1,0.25
Hiromi,iː ne1800,3,0.25
Hiromi,iː91,6,0.25
Hiromi,kaba2728,5,0.25
Hiromi,kakːa2725,6,0.25
Hiromi,kame2729,6,0.25
Hiromi,kawaiː1271,8,0.25
Hiromi,kaŋgaɾɯː1279,6,0.25
Hiromi,keːki2726,6,0.25
Hiromi,kore1269,8,0.25
Hiromi,koɾe2730,4,0.25
Hiromi,mama2720,3,0.25
Hiromi,mama2721,4,0.25
Hiromi,me ne2731,5,0.25
Hiromi,me1275,5,0.25
Hiromi,mimi2722,3,0.25
Hiromi,moː1276,5,0.25
Hiromi,nai1277,6,0.25
Hiromi,neko2732,2,0.25
Hiromi,panda1270,6,0.25
Hiromi,papa2723,6,0.25
Hiromi,te1278,4,0.25
Hiromi,ɕiː1273,6,0.25
Ivy,Jessica2410,5,0.25
Ivy,Jessica3035,1,0.25
Ivy,Jessica3388,1,0.25
Ivy,baby2395,11,0.25
Ivy,baby2396,14,0.25
Ivy,baby2397,7,0.25
Ivy,baby2398,14,0.25
Ivy,baby2399,11,0.25
Ivy,baby2400,14,0.25
Ivy,baby2401,14,0.25
Ivy,bag900,24,0.25
Ivy,bag901,12,0.25
Ivy,balloon1587,13,0.25
Ivy,bee3387,5,0.25
Ivy,bye bye2402,11,0.25
Ivy,camel2973,1,0.25
Ivy,caterpillar1588,22,0.25
Ivy,caterpillar2873,14,0.25
Ivy,cinderella1589,32,0.25
Ivy,cinderella1590,32,0.25
Ivy,cinderella3033,15,0.25
Ivy,cinderella3034,1,0.25
Ivy,daddy2403,8,0.25
Ivy,daddy2405,8,0.25
Ivy,door2406,5,0.25
Ivy,door2407,5,0.25
Ivy,door2408,20,0.25
Ivy,door902,11,0.25
Ivy,door903,24,0.25
Ivy,door904,24,0.25
Ivy,door905,24,0.25
Ivy,down906,3,0.25
Ivy,elephant1591,3,0.25
Ivy,elephant1592,34,0.25
Ivy,elephant2874,15,0.25
Ivy,giraffe1593,28,0.25
Ivy,giraffe1594,28,0.25
Ivy,giraffe2409,7,0.25
Ivy,giraffe3197,7,0.25
Ivy,hat1595,5,0.25
Ivy,jumpy2411,4,0.25
Ivy,jumpy2412,2,0.25
Ivy,jumpy2413,8,0.25
Ivy,lion1596,25,0.25
Ivy,lion2414,7,0.25
Ivy,lion2415,7,0.25
Ivy,lion2875,6,0.25
Ivy,lion2876,10,0.25
Ivy,lion2877,6,0.25
Ivy,lion2878,10,0.25
Ivy,miaow1597,12,0.25
Ivy,miaow1598,17,0.25
Ivy,miaow1599,12,0.25
Ivy,miaow2416,17,0.25
Ivy,miaow2417,17,0.25
Ivy,monkey3120,9,0.25
Ivy,more3121,9,0.25
Ivy,more907,17,0.25
Ivy,more908,9,0.25
Ivy,mummy2418,9,0.25
Ivy,mummy2419,8,0.25
Ivy,mummy2420,10,0.25
Ivy,mummy2421,9,0.25
Ivy,mummy2422,9,0.25
Ivy,mummy2423,8,0.25
Ivy,mummy2424,10,0.25
Ivy,no909,6,0.25
Ivy,ow48,13,0.25
Ivy,quack quack1605,30,0.25
Ivy,rabbit2425,4,0.25
Ivy,ribbit2439,21,0.25
Ivy,ribbit2885,28,0.25
Ivy,ribbit2977,3,0.25
Ivy,ribbit2978,2,0.25
Ivy,row row2426,5,0.25
Ivy,row row2427,14,0.25
Ivy,row row2879,30,0.25
Ivy,row row2880,10,0.25
Ivy,row row2881,14,0.25
Ivy,row row2882,2,0.25
Ivy,snake2428,9,0.25
Ivy,snake2429,20,0.25
Ivy,star910,24,0.25
Ivy,star911,24,0.25
Ivy,star912,24,0.25
Ivy,star913,24,0.25
Ivy,teddy2430,6,0.25
Ivy,teddy2431,8,0.25
Ivy,tractor2432,3,0.25
Ivy,tree1600,26,0.25
Ivy,vroom3389,6,0.25
Ivy,what's that?2434,5,0.25
Ivy,whee1601,14,0.25
Ivy,whee1602,13,0.25
Ivy,woof914,1,0.25
Ivy,yay!2435,17,0.25
Ivy,yay!915,13,0.25
Ivy,yeah1603,34,0.25
Ivy,yeah1604,15,0.25
Ivy,yeah2436,17,0.25
Ivy,yeah2437,17,0.25
Ivy,yeah2884,15,0.25
Ivy,yeah916,25,0.25
Ivy,zebra2438,14,0.25
Jude,Barnaby2453,39,0.25
Jude,Barnaby2454,16,0.25
Jude,Emma1622,37,0.25
Jude,apple1606,38,0.25
Jude,apple1607,38,0.25
Jude,apple1608,38,0.25
Jude,apple1609,38,0.25
Jude,baba2440,39,0.25
Jude,baba2441,46,0.25
Jude,baba2442,44,0.25
Jude,baba2443,39,0.25
Jude,baba2444,20,0.25
Jude,baba2445,39,0.25
Jude,baba2446,39,0.25
Jude,baba2447,43,0.25
Jude,baba2448,39,0.25
Jude,baba2449,44,0.25
Jude,baba2450,39,0.25
Jude,baba2451,39,0.25
Jude,ball1610,38,0.25
Jude,ball1611,38,0.25
Jude,ball1612,38,0.25
Jude,ball1613,38,0.25
Jude,ball1614,18,0.25
Jude,ball1615,38,0.25
Jude,ball1616,38,0.25
Jude,ball1617,38,0.25
Jude,ball1618,38,0.25
Jude,ball1619,38,0.25
Jude,ball1620,38,0.25
Jude,ball1621,38,0.25
Jude,ball2452,39,0.25
Jude,ball917,46,0.25
Jude,ball918,46,0.25
Jude,ball919,46,0.25
Jude,ball920,31,0.25
Jude,ball921,46,0.25
Jude,ball922,45,0.25
Jude,ball923,46,0.25
Jude,ball924,46,0.25
Jude,ball925,46,0.25
Jude,ball926,46,0.25
Jude,ball927,46,0.25
Jude,ball928,46,0.25
Jude,blue929,33,0.25
Jude,blue930,49,0.25
Jude,book931,46,0.25
Jude,book932,33,0.25
Jude,book933,46,0.25
Jude,book934,46,0.25
Jude,brum3129,43,0.25
Jude,brum3130,43,0.25
Jude,brum3131,43,0.25
Jude,brum3132,43,0.25
Jude,brum3133,43,0.25
Jude,brum3134,43,0.25
Jude,brum3135,43,0.25
Jude,brum3136,43,0.25
Jude,brum3137,43,0.25
Jude,bubbles2455,39,0.25
Jude,bubbles2456,39,0.25
Jude,cake2457,32,0.25
Jude,cake2458,12,0.25
Jude,cake935,27,0.25
Jude,cake936,26,0.25
Jude,car937,41,0.25
Jude,car938,42,0.25
Jude,car939,35,0.25
Jude,car940,46,0.25
Jude,car941,42,0.25
Jude,car942,42,0.25
Jude,caterpillar2459,45,0.25
Jude,caterpillar3640,9,0.25
Jude,cheese943,41,0.25
Jude,cheese944,44,0.25
Jude,chocolate2460,19,0.25
Jude,chocolate2461,32,0.25
Jude,chocolate2462,31,0.25
Jude,circle2463,11,0.25
Jude,circle2464,32,0.25
Jude,circle2465,32,0.25
Jude,circle2466,32,0.25
Jude,circle2467,12,0.25
Jude,circle2468,32,0.25
Jude,circle3122,42,0.25
Jude,circle3123,42,0.25
Jude,circle945,27,0.25
Jude,circle946,7,0.25
Jude,circle947,22,0.25
Jude,circle948,26,0.25
Jude,circle949,7,0.25
Jude,circle950,11,0.25
Jude,circle951,3,0.25
Jude,circle952,6,0.25
Jude,circle953,26,0.25
Jude,dada2469,36,0.25
Jude,daddy2470,36,0.25
Jude,daddy2471,37,0.25
Jude,daddy2472,37,0.25
Jude,daddy2473,37,0.25
Jude,daddy2474,37,0.25
Jude,daddy2475,37,0.25
Jude,daddy2476,37,0.25
Jude,daddy2477,37,0.25
Jude,daddy2478,37,0.25
Jude,daddy2479,37,0.25
Jude,dinner2480,32,0.25
Jude,dinner2481,32,0.25
Jude,fish3124,48,0.25
Jude,fish3125,45,0.25
Jude,fish49,35,0.25
Jude,flower954,48,0.25
Jude,football1623,17,0.25
Jude,football1624,38,0.25
Jude,football2482,39,0.25
Jude,football2483,44,0.25
Jude,football2484,39,0.25
Jude,hello1625,41,0.25
Jude,hiya1626,41,0.25
Jude,hiya2485,37,0.25
Jude,hiya2486,44,0.25
Jude,hiya2487,37,0.25
Jude,hiya955,47,0.25
Jude,in 'ere1627,36,0.25
Jude,in 'ere1628,41,0.25
Jude,in 'ere2488,32,0.25
Jude,in 'ere2979,7,0.25
Jude,in 'ere3126,21,0.25
Jude,in 'ere3641,7,0.25
Jude,loveʔhug50,35,0.25
Jude,meow2496,33,0.25
Jude,monkey sd.1635,40,0.25
Jude,mouth956,43,0.25
Jude,mouth957,31,0.25
Jude,mummy2489,31,0.25
Jude,mummy2490,31,0.25
Jude,night-night3390,4,0.25
Jude,night-night958,19,0.25
Jude,no959,43,0.25
Jude,no960,46,0.25
Jude,noddy2491,32,0.25
Jude,orange1629,39,0.25
Jude,quack quack51,35,0.25
Jude,quack quack52,35,0.25
Jude,sheep sound985,50,0.25
Jude,sky961,41,0.25
Jude,sky962,44,0.25
Jude,square963,50,0.25
Jude,square964,50,0.25
Jude,star965,46,0.25
Jude,star966,42,0.25
Jude,star967,46,0.25
Jude,star968,46,0.25
Jude,stuck969,42,0.25
Jude,ta3127,3,0.25
Jude,ta970,42,0.25
Jude,teeth971,42,0.25
Jude,teeth972,42,0.25
Jude,there1630,39,0.25
Jude,there973,46,0.25
Jude,there974,45,0.25
Jude,there975,42,0.25
Jude,there976,51,0.25
Jude,there977,24,0.25
Jude,ticktock1631,35,0.25
Jude,ticktock2492,32,0.25
Jude,ticktock978,42,0.25
Jude,tiger roar986,43,0.25
Jude,trousers3128,3,0.25
Jude,trousers979,22,0.25
Jude,uh-oh1632,40,0.25
Jude,uh-oh1633,40,0.25
Jude,uh-oh1634,40,0.25
Jude,uh-oh2493,4,0.25
Jude,whee2497,39,0.25
Jude,woof1636,40,0.25
Jude,woof53,35,0.25
Jude,yay980,45,0.25
Jude,"yeah, yes2494",45,0.25
Jude,"yeah, yes2495",45,0.25
Jude,"yeah, yes981",45,0.25
Jude,"yeah, yes982",45,0.25
Jude,"yeah, yes983",45,0.25
Jude,"yeah, yes984",45,0.25
Kazuko,ame1812,3,0.25
Kazuko,arigato1303,6,0.25
Kazuko,ashi2789,1,0.25
Kazuko,booshi2782,3,0.25
Kazuko,bubu 'car'2773,3,0.25
Kazuko,bubu 'pig'1301,6,0.25
Kazuko,bubu 'pig'2774,1,0.25
Kazuko,dakko3570,1,0.25
Kazuko,dakko3571,1,0.25
Kazuko,denwa2783,2,0.25
Kazuko,doozo2784,2,0.25
Kazuko,doozo2785,5,0.25
Kazuko,hai1305,5,0.25
Kazuko,haro:2790,1,0.25
Kazuko,inai1302,6,0.25
Kazuko,jaa1304,6,0.25
Kazuko,kuchi2786,3,0.25
Kazuko,kumo2787,3,0.25
Kazuko,kushi2788,1,0.25
Kazuko,meme2780,3,0.25
Kazuko,mimi2775,2,0.25
Kazuko,nai1306,1,0.25
Kazuko,nai2776,2,0.25
Kazuko,nai2777,3,0.25
Kazuko,nenne3568,1,0.25
Kazuko,nenne3569,1,0.25
Kazuko,nyannyan2778,2,0.25
Kazuko,nyannyan2779,3,0.25
Kazuko,obaachama2791,3,0.25
Kazuko,omutsu1814,3,0.25
Kazuko,umi1813,3,0.25
Laurent,Didier1958,7,0.25
Laurent,Kola1965,19,0.25
Laurent,Kola1966,19,0.25
Laurent,Kola1967,19,0.25
Laurent,Kola1968,18,0.25
Laurent,Kola1969,19,0.25
Laurent,allo1517,24,0.25
Laurent,allo1932,19,0.25
Laurent,allo2914,3,0.25
Laurent,aîe1516,23,0.25
Laurent,aîe16,24,0.25
Laurent,aîe251,18,0.25
Laurent,aîe252,18,0.25
Laurent,ballon1933,24,0.25
Laurent,ballon253,12,0.25
Laurent,boire2915,7,0.25
Laurent,brosse1935,26,0.25
Laurent,brosse1936,24,0.25
Laurent,bébé1934,19,0.25
Laurent,caca1937,14,0.25
Laurent,canard coincoin1938,14,0.25
Laurent,canard coincoin1939,19,0.25
Laurent,canard coincoin3045,1,0.25
Laurent,canard dans l'eau3652,1,0.25
Laurent,chapeau1940,26,0.25
Laurent,chapeau1941,19,0.25
Laurent,chapeau1942,18,0.25
Laurent,chapeau1943,22,0.25
Laurent,chapeau1944,26,0.25
Laurent,chapeau1945,26,0.25
Laurent,chapeau2848,8,0.25
Laurent,chapeau2916,9,0.25
Laurent,chapeau2917,4,0.25
Laurent,chapeau2918,9,0.25
Laurent,chaussures1946,24,0.25
Laurent,coucou là2919,5,0.25
Laurent,coucou1947,14,0.25
Laurent,coucou1948,14,0.25
Laurent,coucou1949,14,0.25
Laurent,coucou1950,21,0.25
Laurent,cuillère1951,19,0.25
Laurent,cuillère1952,20,0.25
Laurent,cuillère3047,3,0.25
Laurent,de l'eau1953,20,0.25
Laurent,de l'eau1954,1,0.25
Laurent,de l'eau1955,20,0.25
Laurent,de l'eau1956,26,0.25
Laurent,de l'eau1957,20,0.25
Laurent,de l'eau2920,2,0.25
Laurent,de l'eau2921,2,0.25
Laurent,de l'eau2922,5,0.25
Laurent,de l'eau3049,3,0.25
Laurent,de l'eau3327,2,0.25
Laurent,dodo1959,23,0.25
Laurent,donne [nano]2923,4,0.25
Laurent,gateau1960,18,0.25
Laurent,gateau1961,18,0.25
Laurent,gateau1962,18,0.25
Laurent,gateau1963,4,0.25
Laurent,gateau254,4,0.25
Laurent,hihan1521,21,0.25
Laurent,kekette1964,14,0.25
Laurent,la dame là3050,1,0.25
Laurent,maman1518,18,0.25
Laurent,maman1970,11,0.25
Laurent,maman1971,11,0.25
Laurent,maman1972,11,0.25
Laurent,maman3051,5,0.25
Laurent,miam1982,3,0.25
Laurent,miam1983,11,0.25
Laurent,miam1984,11,0.25
Laurent,miam1985,6,0.25
Laurent,miam261,5,0.25
Laurent,moi1519,18,0.25
Laurent,moi1973,18,0.25
Laurent,moi1974,15,0.25
Laurent,moi3052,2,0.25
Laurent,nano1975,18,0.25
Laurent,nano1976,18,0.25
Laurent,nano1977,18,0.25
Laurent,non1978,18,0.25
Laurent,non255,17,0.25
Laurent,non256,17,0.25
Laurent,non257,17,0.25
Laurent,non258,17,0.25
Laurent,papa1979,15,0.25
Laurent,papa1980,18,0.25
Laurent,tiens259,23,0.25
Laurent,tiens260,23,0.25
Laurent,voilà1520,24,0.25
Laurent,voilà1981,8,0.25
Laurent,voilà3328,2,0.25
Lewis,all gone1637,4,0.25
Lewis,all gone1638,4,0.25
Lewis,all gone1639,16,0.25
Lewis,all gone1640,5,0.25
Lewis,all gone2498,2,0.25
Lewis,all gone3198,4,0.25
Lewis,all gone3392,1,0.25
Lewis,all gone3393,7,0.25
Lewis,apple2499,12,0.25
Lewis,ball2500,13,0.25
Lewis,ball987,23,0.25
Lewis,ball988,23,0.25
Lewis,ball989,23,0.25
Lewis,ball990,26,0.25
Lewis,ball991,23,0.25
Lewis,ball992,23,0.25
Lewis,ball993,23,0.25
Lewis,banana3642,1,0.25
Lewis,bricks1641,4,0.25
Lewis,bricks994,10,0.25
Lewis,cake995,3,0.25
Lewis,car1000,23,0.25
Lewis,car996,17,0.25
Lewis,car997,23,0.25
Lewis,car998,23,0.25
Lewis,car999,23,0.25
Lewis,chair1001,23,0.25
Lewis,choo-choo1662,1,0.25
Lewis,choo-choo2519,1,0.25
Lewis,circle2501,32,0.25
Lewis,circle2502,32,0.25
Lewis,circle2503,32,0.25
Lewis,circle2504,23,0.25
Lewis,clock1002,10,0.25
Lewis,clock1003,10,0.25
Lewis,clock1004,3,0.25
Lewis,clock1005,10,0.25
Lewis,clock1006,10,0.25
Lewis,down3138,11,0.25
Lewis,gone1007,16,0.25
Lewis,gone1008,16,0.25
Lewis,gone1009,16,0.25
Lewis,gone1010,16,0.25
Lewis,gone3394,3,0.25
Lewis,hot1011,9,0.25
Lewis,hot1012,9,0.25
Lewis,hot1013,9,0.25
Lewis,hot1014,9,0.25
Lewis,jam1015,1,0.25
Lewis,juice1016,16,0.25
Lewis,juice1017,9,0.25
Lewis,keys1018,25,0.25
Lewis,keys2505,19,0.25
Lewis,ladder2506,12,0.25
Lewis,moon3139,1,0.25
Lewis,moon3140,6,0.25
Lewis,no1019,17,0.25
Lewis,no3141,8,0.25
Lewis,oh no1642,19,0.25
Lewis,oh no1643,19,0.25
Lewis,oh no1644,19,0.25
Lewis,oh no1645,19,0.25
Lewis,oh no1646,19,0.25
Lewis,oh no1647,19,0.25
Lewis,oh no1648,19,0.25
Lewis,oh no1649,19,0.25
Lewis,oh no1650,19,0.25
Lewis,oh no1651,19,0.25
Lewis,oh no1652,19,0.25
Lewis,oh no1653,19,0.25
Lewis,oh no2507,16,0.25
Lewis,oh no2508,16,0.25
Lewis,oh no2886,6,0.25
Lewis,oh no2887,2,0.25
Lewis,shoes3142,15,0.25
Lewis,shoes3143,7,0.25
Lewis,shoes3144,15,0.25
Lewis,spade1020,23,0.25
Lewis,star1021,23,0.25
Lewis,star1022,23,0.25
Lewis,star1023,23,0.25
Lewis,star1024,23,0.25
Lewis,sun1025,23,0.25
Lewis,sun1026,23,0.25
Lewis,sun1027,23,0.25
Lewis,there1028,23,0.25
Lewis,there1029,23,0.25
Lewis,there2509,15,0.25
Lewis,tractor2510,2,0.25
Lewis,tractor2512,12,0.25
Lewis,tractor3643,1,0.25
Lewis,train1030,23,0.25
Lewis,truck2513,16,0.25
Lewis,truck2514,1,0.25
Lewis,uh-oh1654,19,0.25
Lewis,uh-oh1655,19,0.25
Lewis,uh-oh1656,19,0.25
Lewis,uh-oh1657,19,0.25
Lewis,uh-oh1658,19,0.25
Lewis,uh-oh1659,7,0.25
Lewis,uh-oh1660,19,0.25
Lewis,uh-oh1661,19,0.25
Lewis,uh-oh2516,17,0.25
Lewis,uh-oh2517,3,0.25
Lewis,uh-oh2518,17,0.25
Lewis,uh-oh2980,5,0.25
Lewis,whee1663,4,0.25
Lewis,woof woof2889,5,0.25
Lewis,woof woof3396,1,0.25
Mira,Muumi/Moomin2690,2,0.25
Mira,Muumi/Moomin3505,1,0.25
Mira,Muumi/Moomin3506,1,0.25
Mira,Muumi/Moomin3507,1,0.25
Mira,Muumi/Moomin3508,1,0.25
Mira,Muumi/Moomin3509,1,0.25
Mira,Muumi/Moomin3510,1,0.25
Mira,Muumi/Moomin3511,1,0.25
Mira,Muumi/Moomin3512,1,0.25
Mira,Muumi/Moomin3513,1,0.25
Mira,Muumi/Moomin3514,1,0.25
Mira,Myy1257,1,0.25
Mira,[Muumi]pappa3515,1,0.25
Mira,ei81,4,0.25
Mira,ei82,4,0.25
Mira,häntä3497,2,0.25
Mira,häntä3498,2,0.25
Mira,häntä3499,2,0.25
Mira,jalka2679,3,0.25
Mira,jalka2680,2,0.25
Mira,juna2681,1,0.25
Mira,juustoa3500,1,0.25
Mira,kaataa2682,3,0.25
Mira,kaataa2683,2,0.25
Mira,kala2684,2,0.25
Mira,kala2685,3,0.25
Mira,kenkä2686,1,0.25
Mira,kenkä2687,1,0.25
Mira,kuu1256,2,0.25
Mira,lintu2688,3,0.25
Mira,loppu3502,1,0.25
Mira,luumu2689,2,0.25
Mira,luumu3503,1,0.25
Mira,miao83,4,0.25
Mira,miao84,4,0.25
Mira,miao85,4,0.25
Mira,miao86,4,0.25
Mira,mummu3504,1,0.25
Mira,nalle2691,2,0.25
Mira,napa2692,1,0.25
Mira,napa2693,1,0.25
Mira,nenä2694,1,0.25
Mira,paapaa2695,1,0.25
Mira,piiloon2696,1,0.25
Mira,setä2697,3,0.25
Mira,tonttu2698,3,0.25
Mira,tonttu2699,3,0.25
Mira,tonttu2700,3,0.25
Mira,tyttö1258,2,0.25
Mira,tyttö3517,1,0.25
Mira,tyttö3518,1,0.25
Mira,tyttö3519,1,0.25
Mira,tyyny1259,1,0.25
Mira,tyyny2701,1,0.25
Mira,täällä1790,3,0.25
Molly,Brett462,10,0.25
Molly,Brett463,10,0.25
Molly,Brett464,10,0.25
Molly,Brett465,10,0.25
Molly,Brett466,10,0.25
Molly,Brett467,10,0.25
Molly,Brett468,10,0.25
Molly,Brett469,10,0.25
Molly,Brett470,10,0.25
Molly,Nicky3185,1,0.25
Molly,Nicky3186,1,0.25
Molly,Nonny3356,5,0.25
Molly,Nonny3357,5,0.25
Molly,Nonny3358,5,0.25
Molly,Nonny3359,5,0.25
Molly,Nonny3360,5,0.25
Molly,Nonny3361,5,0.25
Molly,Nonny3362,5,0.25
Molly,Nonny3363,5,0.25
Molly,Nonny3364,5,0.25
Molly,Nonny3365,5,0.25
Molly,Nonny3366,5,0.25
Molly,Ruth526,2,0.25
Molly,Ruth527,9,0.25
Molly,Ruth528,5,0.25
Molly,Ruth529,10,0.25
Molly,Ruth530,10,0.25
Molly,Ruth531,9,0.25
Molly,baa439,14,0.25
Molly,baa440,14,0.25
Molly,baby2128,7,0.25
Molly,baby2129,7,0.25
Molly,bang3333,5,0.25
Molly,bang3334,5,0.25
Molly,bang3335,5,0.25
Molly,bang3336,5,0.25
Molly,bead441,14,0.25
Molly,bead442,14,0.25
Molly,bead443,14,0.25
Molly,bead444,14,0.25
Molly,bead445,14,0.25
Molly,bead446,14,0.25
Molly,bead447,14,0.25
Molly,bead448,14,0.25
Molly,block449,8,0.25
Molly,block450,8,0.25
Molly,block451,10,0.25
Molly,block452,8,0.25
Molly,block453,8,0.25
Molly,block454,10,0.25
Molly,block455,10,0.25
Molly,block456,8,0.25
Molly,book457,8,0.25
Molly,book458,8,0.25
Molly,book459,8,0.25
Molly,book460,8,0.25
Molly,book461,8,0.25
Molly,camera2130,5,0.25
Molly,camera3337,1,0.25
Molly,choochoo2131,3,0.25
Molly,choochoo2132,3,0.25
Molly,choochoo2133,3,0.25
Molly,choochoo2134,3,0.25
Molly,choochoo2135,3,0.25
Molly,choochoo2136,3,0.25
Molly,choochoo2137,3,0.25
Molly,choochoo2138,3,0.25
Molly,choochoo3338,2,0.25
Molly,choochoo3339,2,0.25
Molly,click2139,8,0.25
Molly,click2140,8,0.25
Molly,click2141,8,0.25
Molly,click2142,8,0.25
Molly,click2143,8,0.25
Molly,click2144,8,0.25
Molly,click2145,8,0.25
Molly,click471,6,0.25
Molly,click472,11,0.25
Molly,click473,6,0.25
Molly,click474,11,0.25
Molly,down3340,4,0.25
Molly,down3341,4,0.25
Molly,down3342,4,0.25
Molly,down3343,4,0.25
Molly,down3344,4,0.25
Molly,down3345,4,0.25
Molly,down3346,4,0.25
Molly,down3347,4,0.25
Molly,down3348,4,0.25
Molly,down3349,4,0.25
Molly,ear475,14,0.25
Molly,ear476,14,0.25
Molly,ear477,14,0.25
Molly,ear478,14,0.25
Molly,glasses2146,8,0.25
Molly,glasses2147,8,0.25
Molly,glasses2148,6,0.25
Molly,glasses2149,8,0.25
Molly,glasses2150,8,0.25
Molly,glasses2152,8,0.25
Molly,glasses2153,6,0.25
Molly,glasses2154,6,0.25
Molly,glasses2155,6,0.25
Molly,glasses2156,8,0.25
Molly,glasses2157,8,0.25
Molly,glasses3350,2,0.25
Molly,glasses3351,3,0.25
Molly,glasses3352,3,0.25
Molly,glasses479,5,0.25
Molly,glasses480,6,0.25
Molly,glasses481,6,0.25
Molly,glasses482,6,0.25
Molly,glasses483,6,0.25
Molly,glasses484,6,0.25
Molly,glasses485,6,0.25
Molly,glasses486,6,0.25
Molly,glasses487,6,0.25
Molly,glasses488,6,0.25
Molly,glasses489,6,0.25
Molly,good girl2158,8,0.25
Molly,good girl2159,8,0.25
Molly,gran'ma2160,3,0.25
Molly,gran'pa2161,5,0.25
Molly,green2162,5,0.25
Molly,green2163,5,0.25
Molly,green3353,3,0.25
Molly,hi490,11,0.25
Molly,hi491,11,0.25
Molly,hi492,14,0.25
Molly,hi493,11,0.25
Molly,house494,10,0.25
Molly,house495,10,0.25
Molly,in3184,1,0.25
Molly,mama2164,3,0.25
Molly,mama2165,6,0.25
Molly,mama2166,6,0.25
Molly,mama2946,1,0.25
Molly,mama3354,2,0.25
Molly,mama3355,2,0.25
Molly,moo496,9,0.25
Molly,moo497,9,0.25
Molly,moo498,9,0.25
Molly,moo499,9,0.25
Molly,moo500,9,0.25
Molly,moo501,9,0.25
Molly,moo502,9,0.25
Molly,moo503,9,0.25
Molly,moo504,9,0.25
Molly,moo505,9,0.25
Molly,moo506,9,0.25
Molly,moo507,9,0.25
Molly,moo508,9,0.25
Molly,name3093,1,0.25
Molly,nose509,10,0.25
Molly,oink510,7,0.25
Molly,open2167,6,0.25
Molly,open2168,6,0.25
Molly,open2169,6,0.25
Molly,open2170,6,0.25
Molly,peek511,8,0.25
Molly,peek512,2,0.25
Molly,peek513,8,0.25
Molly,peek514,8,0.25
Molly,peek515,8,0.25
Molly,peek516,8,0.25
Molly,peek517,8,0.25
Molly,piano518,14,0.25
Molly,piano519,14,0.25
Molly,picture2171,6,0.25
Molly,picture2172,5,0.25
Molly,picture2173,6,0.25
Molly,picture2174,6,0.25
Molly,pig520,8,0.25
Molly,red521,9,0.25
Molly,red522,1,0.25
Molly,rug523,7,0.25
Molly,rug524,7,0.25
Molly,rug525,7,0.25
Molly,stuck532,6,0.25
Molly,stuck533,6,0.25
Molly,tail534,9,0.25
Molly,tail535,9,0.25
Molly,tail536,9,0.25
Molly,tail537,9,0.25
Molly,tail538,9,0.25
Molly,tail539,9,0.25
Molly,tail540,9,0.25
Molly,tail541,9,0.25
Molly,tail542,9,0.25
Molly,tail543,9,0.25
Molly,tail544,9,0.25
Molly,that545,6,0.25
Molly,that546,6,0.25
Molly,three547,14,0.25
Molly,three548,14,0.25
Molly,two549,9,0.25
Molly,two550,1,0.25
Molly,vroom3094,4,0.25
Molly,vroom3096,4,0.25
Molly,vroom3097,4,0.25
Molly,vroom3098,4,0.25
Molly,vroom3099,4,0.25
Molly,vroom3100,4,0.25
Molly,vroom3101,4,0.25
Molly,vroom3102,4,0.25
Molly,vroom3103,4,0.25
Molly,vroom551,2,0.25
Molly,vroom552,5,0.25
Molly,walk-walk2175,6,0.25
Molly,walk-walk2176,6,0.25
Molly,walk-walk2177,6,0.25
Molly,walk-walk2178,6,0.25
Molly,walk-walk2180,6,0.25
Molly,walk-walk2181,6,0.25
Molly,woof553,8,0.25
Molly,woof554,14,0.25
Molly,woof555,12,0.25
Molly,woof556,14,0.25
Molly,woof557,14,0.25
Molly,woof558,14,0.25
Molly,woof559,14,0.25
Molly,woof560,14,0.25
Molly,woof561,14,0.25
Molly,woof562,14,0.25
Molly,work563,7,0.25
Molly,work564,7,0.25
Molly,work565,7,0.25
Molly,work566,7,0.25
Molly,work567,7,0.25
Molly,work568,7,0.25
Noël,ballon1986,6,0.25
Noël,ballon262,6,0.25
Noël,banane1987,7,0.25
Noël,banane1988,11,0.25
Noël,banane263,16,0.25
Noël,banane3079,2,0.25
Noël,canard1989,4,0.25
Noël,canard1990,4,0.25
Noël,canard1991,9,0.25
Noël,canard269,4,0.25
Noël,canard2849,2,0.25
Noël,chapeaux1992,11,0.25
Noël,couches270,10,0.25
Noël,couches271,7,0.25
Noël,couches272,7,0.25
Noël,couches3080,4,0.25
Noël,dodo1993,7,0.25
Noël,donne273,7,0.25
Noël,donne274,7,0.25
Noël,fraise1994,6,0.25
Noël,gateau1995,10,0.25
Noël,gateau1996,10,0.25
Noël,gateau2924,1,0.25
Noël,gateau2925,3,0.25
Noël,gateau2927,16,0.25
Noël,gateau2928,6,0.25
Noël,gateau2929,1,0.25
Noël,gateau2930,3,0.25
Noël,gateau2931,6,0.25
Noël,lapin1997,11,0.25
Noël,lapin1998,11,0.25
Noël,lapin1999,11,0.25
Noël,lapin2000,11,0.25
Noël,lapin2001,4,0.25
Noël,lapin2002,11,0.25
Noël,lapin2003,11,0.25
Noël,lapin2004,11,0.25
Noël,lapin2005,11,0.25
Noël,lapin2006,11,0.25
Noël,lapin3329,1,0.25
Noël,lapin3636,1,0.25
Noël,l’eau275,9,0.25
Noël,l’eau276,9,0.25
Noël,l’eau277,10,0.25
Noël,l’eau278,10,0.25
Noël,l’eau279,10,0.25
Noël,l’eau280,10,0.25
Noël,l’eau281,10,0.25
Noël,main2007,6,0.25
Noël,main282,10,0.25
Noël,main283,2,0.25
Noël,maman2008,4,0.25
Noël,maman2851,3,0.25
Noël,maman2932,4,0.25
Noël,maman2933,2,0.25
Noël,non284,9,0.25
Noël,non285,9,0.25
Noël,pain2017,3,0.25
Noël,pain287,16,0.25
Noël,pain288,16,0.25
Noël,pain289,16,0.25
Noël,pain290,4,0.25
Noël,paletot2018,11,0.25
Noël,paletot2935,2,0.25
Noël,paletot2936,2,0.25
Noël,papa2019,11,0.25
Noël,par là2020,7,0.25
Noël,peinture2021,4,0.25
Noël,peinture2022,3,0.25
Noël,peinture291,6,0.25
Noël,poire292,16,0.25
Noël,poire293,6,0.25
Noël,pomme294,16,0.25
Noël,pomme295,5,0.25
Noël,pomme296,16,0.25
Noël,poule297,16,0.25
Noël,poule3081,4,0.25
Noël,poum298,5,0.25
Noël,poupée2023,11,0.25
Noël,poupée299,16,0.25
Noël,savon18,7,0.25
Noël,savon2024,6,0.25
Noël,tiens2025,2,0.25
Noël,tiens300,5,0.25
Noël,tiens301,7,0.25
Noël,tiens302,7,0.25
Noël,tiens303,7,0.25
Noël,tiens304,7,0.25
Noël,tiens305,7,0.25
Noël,tiens306,5,0.25
Noël,tiens307,7,0.25
Noël,tiens308,7,0.25
Noël,tiens3082,3,0.25
Noël,tiens3083,3,0.25
Noël,wouf wouf17,7,0.25
Noël,wouf wouf2009,7,0.25
Noël,wouf wouf2010,7,0.25
Noël,wouf wouf2011,7,0.25
Noël,wouf wouf2013,6,0.25
Noël,wouf wouf2014,7,0.25
Noël,wouf wouf2015,6,0.25
Noël,wouf wouf2016,7,0.25
Noël,wouf wouf2852,2,0.25
Noël,wouf wouf286,12,0.25
Noël,wouf wouf2934,3,0.25
Noël,ça264,10,0.25
Noël,ça265,11,0.25
Noël,ça266,10,0.25
Noël,ça267,7,0.25
Noël,ça268,10,0.25
Patrick,D22530,4,0.25
Patrick,D22531,2,0.25
Patrick,D22532,4,0.25
Patrick,D22534,4,0.25
Patrick,D22982,3,0.25
Patrick,D22983,1,0.25
Patrick,D22984,1,0.25
Patrick,D22985,3,0.25
Patrick,Doody2545,4,0.25
Patrick,Doody2546,3,0.25
Patrick,Doody2547,4,0.25
Patrick,Doody2548,3,0.25
Patrick,Doody2549,4,0.25
Patrick,Doody2550,4,0.25
Patrick,aah2891,1,0.25
Patrick,baa1031,1,0.25
Patrick,baby2520,4,0.25
Patrick,baby2521,4,0.25
Patrick,ball1032,3,0.25
Patrick,bath2522,6,0.25
Patrick,bath2523,6,0.25
Patrick,bee2524,2,0.25
Patrick,beebies2981,1,0.25
Patrick,book1033,7,0.25
Patrick,book2526,3,0.25
Patrick,book2527,6,0.25
Patrick,book2528,3,0.25
Patrick,box1034,6,0.25
Patrick,cat1035,5,0.25
Patrick,cat1036,7,0.25
Patrick,cat1037,4,0.25
Patrick,cat1038,7,0.25
Patrick,cat2529,7,0.25
Patrick,daddy2535,4,0.25
Patrick,daddy2537,4,0.25
Patrick,daddy2538,4,0.25
Patrick,daddy2539,4,0.25
Patrick,daddy2540,4,0.25
Patrick,daddy2541,4,0.25
Patrick,daddy2542,4,0.25
Patrick,daddy2543,4,0.25
Patrick,daddy2544,4,0.25
Patrick,go1039,6,0.25
Patrick,go1040,6,0.25
Patrick,go2551,7,0.25
Patrick,go2552,7,0.25
Patrick,hat1041,5,0.25
Patrick,hat1042,5,0.25
Patrick,hat1043,5,0.25
Patrick,hat1044,5,0.25
Patrick,hat1664,7,0.25
Patrick,hat1665,7,0.25
Patrick,hat2553,5,0.25
Patrick,hat54,7,0.25
Patrick,hello1666,7,0.25
Patrick,hello2554,7,0.25
Patrick,horsey1667,2,0.25
Patrick,horsey1668,2,0.25
Patrick,horsey1669,7,0.25
Patrick,horsey1670,7,0.25
Patrick,horsey2555,2,0.25
Patrick,horsey2556,1,0.25
Patrick,knee1671,4,0.25
Patrick,knee2890,1,0.25
Patrick,more1045,3,0.25
Patrick,more1673,2,0.25
Patrick,no1046,9,0.25
Patrick,no1048,2,0.25
Patrick,no1049,9,0.25
Patrick,no1050,5,0.25
Patrick,no1674,4,0.25
Patrick,no1675,4,0.25
Patrick,no1676,7,0.25
Patrick,no1677,3,0.25
Patrick,no1678,4,0.25
Patrick,no1679,4,0.25
Patrick,off55,7,0.25
Patrick,off56,2,0.25
Patrick,off57,1,0.25
Patrick,off58,7,0.25
Patrick,off59,7,0.25
Patrick,ow1680,7,0.25
Patrick,ow1681,7,0.25
Patrick,ow1682,3,0.25
Patrick,ow1683,2,0.25
Patrick,ow60,7,0.25
Patrick,phone2557,2,0.25
Patrick,phone2558,2,0.25
Patrick,phone2559,5,0.25
Patrick,quack quack1689,7,0.25
Patrick,quack quack1690,7,0.25
Patrick,squeak squeak1691,1,0.25
Patrick,tractor2986,2,0.25
Patrick,uh oh1684,1,0.25
Patrick,uh oh1685,7,0.25
Patrick,uh oh1686,1,0.25
Patrick,uh oh1687,7,0.25
Patrick,uh oh1688,1,0.25
Patrick,water2561,4,0.25
Patrick,water2562,4,0.25
Patrick,water2563,3,0.25
Patrick,water2564,2,0.25
Patrick,water2565,4,0.25
Patrick,water2566,4,0.25
Patrick,water2567,4,0.25
Patrick,wheel1051,1,0.25
Patrick,wheel2568,2,0.25
Patrick,woof woof2569,2,0.25
Rachel,Beba [Rebecca]2574,23,0.25
Rachel,Beba [Rebecca]2575,14,0.25
Rachel,Daisy1061,9,0.25
Rachel,Makka Pakka2588,11,0.25
Rachel,Mummy2590,15,0.25
Rachel,Mummy2894,12,0.25
Rachel,all gone2570,30,0.25
Rachel,apple2988,4,0.25
Rachel,away1052,12,0.25
Rachel,baa baa black sheep2989,10,0.25
Rachel,baby2571,23,0.25
Rachel,baby2572,12,0.25
Rachel,baby2573,24,0.25
Rachel,back1053,3,0.25
Rachel,beep beep2990,10,0.25
Rachel,bike3399,1,0.25
Rachel,bye1054,32,0.25
Rachel,bye1055,34,0.25
Rachel,bye1056,34,0.25
Rachel,bye1057,26,0.25
Rachel,bye1058,34,0.25
Rachel,bye2576,17,0.25
Rachel,bye2577,20,0.25
Rachel,bye2578,24,0.25
Rachel,cat1059,1,0.25
Rachel,cat2579,16,0.25
Rachel,chips3145,2,0.25
Rachel,cold1060,15,0.25
Rachel,cup of tea2580,18,0.25
Rachel,cup of tea2993,7,0.25
Rachel,cup of tea2994,15,0.25
Rachel,cup of tea2995,8,0.25
Rachel,doggy2581,30,0.25
Rachel,doggy2582,30,0.25
Rachel,doggy2583,8,0.25
Rachel,doggy2996,34,0.25
Rachel,doggy2997,11,0.25
Rachel,door1062,29,0.25
Rachel,door1063,29,0.25
Rachel,door1064,14,0.25
Rachel,door1065,29,0.25
Rachel,door1066,29,0.25
Rachel,door1067,15,0.25
Rachel,door1068,29,0.25
Rachel,door1069,29,0.25
Rachel,door1070,29,0.25
Rachel,door1071,29,0.25
Rachel,door1072,29,0.25
Rachel,door2584,16,0.25
Rachel,down1073,29,0.25
Rachel,down1074,28,0.25
Rachel,duck2585,3,0.25
Rachel,fish2586,17,0.25
Rachel,fish3146,9,0.25
Rachel,flowers2893,6,0.25
Rachel,flowers3626,4,0.25
Rachel,get you2587,23,0.25
Rachel,go1075,30,0.25
Rachel,go1076,30,0.25
Rachel,gone3400,3,0.25
Rachel,hello1693,23,0.25
Rachel,here you go2998,1,0.25
Rachel,house1694,10,0.25
Rachel,house61,20,0.25
Rachel,jump1077,14,0.25
Rachel,knees and toes2999,2,0.25
Rachel,miaow2589,6,0.25
Rachel,night night1078,2,0.25
Rachel,night night1079,26,0.25
Rachel,noise3147,13,0.25
Rachel,piggy3000,8,0.25
Rachel,please1080,19,0.25
Rachel,please1081,25,0.25
Rachel,please1082,25,0.25
Rachel,please3001,5,0.25
Rachel,please3148,14,0.25
Rachel,please3401,3,0.25
Rachel,quack quack2895,12,0.25
Rachel,quack quack3039,1,0.25
Radia,Allah3319,4,0.25
Radia,Allahhafiz3631,4,0.25
Radia,Allahhafiz3632,3,0.25
Radia,Allahhu3633,4,0.25
Radia,Allahhu3634,2,0.25
Radia,Allahhu3635,4,0.25
Radia,Allahuakbar3320,4,0.25
Radia,BALL1352,6,0.25
Radia,BALL1353,8,0.25
Radia,BOTTLE2804,5,0.25
Radia,BOTTLE2805,3,0.25
Radia,PILLOW2809,7,0.25
Radia,PILLOW3596,4,0.25
Radia,acha1826,7,0.25
Radia,aur105,5,0.25
Radia,ayee!106,9,0.25
Radia,band1354,4,0.25
Radia,bismillah3024,1,0.25
Radia,bismillah3644,1,0.25
Radia,chalo3592,3,0.25
Radia,daal dya2821,8,0.25
Radia,daal dya2822,9,0.25
Radia,daal1355,5,0.25
Radia,daalu3597,5,0.25
Radia,dadi2815,9,0.25
Radia,dadi2816,9,0.25
Radia,davayee1359,8,0.25
Radia,gir gaya2823,9,0.25
Radia,kapra2820,6,0.25
Radia,"kha lo,kha lun2825",6,0.25
Radia,khana2806,6,0.25
Radia,kharab hogya3025,3,0.25
Radia,kya bat hai?3026,1,0.25
Radia,machar2807,2,0.25
Radia,machar2808,2,0.25
Radia,nahin1357,5,0.25
Radia,nino BT2818,7,0.25
Radia,nino BT2819,7,0.25
Radia,oho!1825,4,0.25
Radia,"one, two, three1356",9,0.25
Radia,so rahi2824,7,0.25
Radia,sona2827,7,0.25
Radia,sona2828,7,0.25
Radia,sona3599,5,0.25
Radia,theek hai2826,3,0.25
Radia,utaro2813,8,0.25
Radia,utaro2814,9,0.25
Radia,utaro3598,5,0.25
Radia,vava BT2811,5,0.25
Radia,vava BT2812,5,0.25
Radia,yay1358,8,0.25
Sean,Ian616,11,0.25
Sean,Ian617,11,0.25
Sean,baa2182,10,0.25
Sean,baa569,23,0.25
Sean,baa570,23,0.25
Sean,berries2183,5,0.25
Sean,berries3104,9,0.25
Sean,berries571,5,0.25
Sean,bird2184,1,0.25
Sean,bird3105,9,0.25
Sean,bird3106,23,0.25
Sean,bird572,23,0.25
Sean,bird573,15,0.25
Sean,bird574,3,0.25
Sean,bird575,3,0.25
Sean,bird576,11,0.25
Sean,bird577,23,0.25
Sean,blocks2186,3,0.25
Sean,blocks35,11,0.25
Sean,blocks578,17,0.25
Sean,blocks579,17,0.25
Sean,blocks580,16,0.25
Sean,blocks581,12,0.25
Sean,blocks583,23,0.25
Sean,blocks584,17,0.25
Sean,blocks585,23,0.25
Sean,blue2187,8,0.25
Sean,blue586,6,0.25
Sean,blue587,23,0.25
Sean,book2188,3,0.25
Sean,book588,18,0.25
Sean,book589,15,0.25
Sean,book590,12,0.25
Sean,bug591,23,0.25
Sean,bug592,23,0.25
Sean,butterfly2189,12,0.25
Sean,butterfly2190,8,0.25
Sean,cracker594,11,0.25
Sean,cracker595,5,0.25
Sean,dog596,12,0.25
Sean,dog597,10,0.25
Sean,dog598,10,0.25
Sean,duck599,13,0.25
Sean,duck600,13,0.25
Sean,duck601,13,0.25
Sean,duck602,13,0.25
Sean,fish36,20,0.25
Sean,fish603,9,0.25
Sean,fish604,3,0.25
Sean,fish605,15,0.25
Sean,horse606,13,0.25
Sean,horse607,13,0.25
Sean,horse608,15,0.25
Sean,horse609,11,0.25
Sean,horse610,13,0.25
Sean,horse611,13,0.25
Sean,horse612,13,0.25
Sean,horse613,13,0.25
Sean,horse614,13,0.25
Sean,horse615,13,0.25
Sean,look618,12,0.25
Sean,look619,4,0.25
Sean,look620,12,0.25
Sean,look621,12,0.25
Sean,mama1546,1,0.25
Sean,mama2192,8,0.25
Sean,mama2193,2,0.25
Sean,mama2194,8,0.25
Sean,mama622,14,0.25
Sean,mama623,14,0.25
Sean,mama624,14,0.25
Sean,mama625,14,0.25
Sean,moo2195,3,0.25
Sean,moo626,13,0.25
Sean,moo627,14,0.25
Sean,moo628,14,0.25
Sean,moo629,13,0.25
Sean,moo630,13,0.25
Sean,more631,14,0.25
Sean,more632,6,0.25
Sean,more633,14,0.25
Sean,more634,14,0.25
Sean,more635,14,0.25
Sean,more636,14,0.25
Sean,more637,14,0.25
Sean,more638,14,0.25
Sean,more639,14,0.25
Sean,more640,14,0.25
Sean,more641,14,0.25
Sean,more642,14,0.25
Sean,more643,14,0.25
Sean,more644,14,0.25
Sean,more645,14,0.25
Sean,more646,14,0.25
Sean,more647,14,0.25
Sean,more648,14,0.25
Sean,mouse649,14,0.25
Sean,mouse650,14,0.25
Sean,mouse651,14,0.25
Sean,mouse652,14,0.25
Sean,mouse653,10,0.25
Sean,mouse654,14,0.25
Sean,mouse655,14,0.25
Sean,oh37,14,0.25
Sean,oh656,13,0.25
Sean,oh657,13,0.25
Sean,oh658,13,0.25
Sean,oh659,13,0.25
Sean,quack660,5,0.25
Sean,quack661,13,0.25
Sean,rabbit662,7,0.25
Sean,rabbit663,11,0.25
Sean,rabbit664,1,0.25
Sean,snowman2196,8,0.25
Sean,stuck665,12,0.25
Sean,this666,13,0.25
Sean,this667,13,0.25
Sean,this668,13,0.25
Sean,this669,13,0.25
Sean,"woof, wow-wow670",13,0.25
Shazim,AEROPLANE1829,1,0.25
Shazim,AEROPLANE1830,1,0.25
Shazim,AUNTI3321,3,0.25
Shazim,AUNTI3322,3,0.25
Shazim,AUNTI3323,1,0.25
Shazim,BALL1360,3,0.25
Shazim,BALL1361,5,0.25
Shazim,BALL1362,4,0.25
Shazim,CAKE2836,6,0.25
Shazim,CATTY BT2829,3,0.25
Shazim,CATTY BT2830,2,0.25
Shazim,CATTY BT2831,6,0.25
Shazim,CATTY BT3600,4,0.25
Shazim,CATTY BT3601,3,0.25
Shazim,COW1372,11,0.25
Shazim,COW1373,3,0.25
Shazim,COW1374,9,0.25
Shazim,DOGGY BT3613,3,0.25
Shazim,EYES111,9,0.25
Shazim,EYES1827,5,0.25
Shazim,HORSE115,3,0.25
Shazim,JUICE1370,4,0.25
Shazim,Kashmir114,3,0.25
Shazim,LION1371,7,0.25
Shazim,MAMA ko ai ho gaye3617,1,0.25
Shazim,MAMA ko ai ho gaye3618,1,0.25
Shazim,MAMA2834,1,0.25
Shazim,MAMA3605,1,0.25
Shazim,MAMA3606,1,0.25
Shazim,NO1375,6,0.25
Shazim,TRACTOR3602,4,0.25
Shazim,ajao1828,9,0.25
Shazim,ajao3324,3,0.25
Shazim,"ajjan, BT3325",2,0.25
Shazim,aur112,9,0.25
Shazim,aur113,9,0.25
Shazim,ayee!108,9,0.25
Shazim,ayee!109,9,0.25
Shazim,ayee!110,9,0.25
Shazim,baba2837,2,0.25
Shazim,baba3610,2,0.25
Shazim,baba3611,2,0.25
Shazim,baow baowBT2835,2,0.25
Shazim,bhayee1369,8,0.25
Shazim,billi3612,2,0.25
Shazim,chachu3616,4,0.25
Shazim,chuchu BT3607,4,0.25
Shazim,chunti2838,6,0.25
Shazim,dado3615,4,0.25
Shazim,duddu BT3604,4,0.25
Shazim,khala2833,3,0.25
Shazim,khala3603,1,0.25
Shazim,mamu3608,1,0.25
Shazim,mamu3609,1,0.25
Shazim,miyon BT1368,6,0.25
Shazim,nano2832,2,0.25
Shazim,phuppo3614,1,0.25
Shazim,yay kya hai1831,5,0.25
Shazim,yay kya hai1832,5,0.25
Shazim,yay kya hai1833,8,0.25
Shazim,yay kya hai1834,7,0.25
Shazim,yay kya hai1835,6,0.25
Shazim,yay kya hai1836,7,0.25
Shazim,yay kya hai2839,3,0.25
Shazim,yay maon hai1837,4,0.25
Shazim,yay107,9,0.25
Shazim,yay1363,11,0.25
Shazim,yay1364,12,0.25
Shazim,yay1365,8,0.25
Shazim,yay1366,12,0.25
Shazim,yay1367,11,0.25
Sini,ei ole88,4,0.25
Sini,ei ole89,4,0.25
Sini,ei87,4,0.25
Sini,hauhau1798,4,0.25
Sini,heihei1791,4,0.25
Sini,heppa3291,2,0.25
Sini,istuu3292,1,0.25
Sini,jugurtti1792,2,0.25
Sini,juna1793,4,0.25
Sini,kakku3520,1,0.25
Sini,kiikkaa3521,1,0.25
Sini,kiikkaa3522,1,0.25
Sini,kiikkaa3523,1,0.25
Sini,kirahvi2702,4,0.25
Sini,kirahvi2703,4,0.25
Sini,kirja1260,4,0.25
Sini,kirja1261,4,0.25
Sini,korkki3524,1,0.25
Sini,korkki3525,1,0.25
Sini,korkki3526,1,0.25
Sini,korva1262,4,0.25
Sini,koti2704,1,0.25
Sini,kukka3527,1,0.25
Sini,kuppi3528,1,0.25
Sini,kvaak-kvaak3539,1,0.25
Sini,kynä2705,4,0.25
Sini,laukku3293,2,0.25
Sini,leipä1794,3,0.25
Sini,loppu3294,2,0.25
Sini,loppu3295,2,0.25
Sini,loppu3296,2,0.25
Sini,loppu3529,1,0.25
Sini,loppu3530,2,0.25
Sini,lusikka3297,2,0.25
Sini,minun2706,2,0.25
Sini,mummi3171,1,0.25
Sini,nami1795,2,0.25
Sini,napa1796,3,0.25
Sini,nappi2707,2,0.25
Sini,nappi3298,2,0.25
Sini,nappi3531,2,0.25
Sini,oppista3299,2,0.25
Sini,pallo1263,4,0.25
Sini,pallo2708,4,0.25
Sini,paperi2709,2,0.25
Sini,piilo2710,4,0.25
Sini,pois1264,1,0.25
Sini,pupu2711,2,0.25
Sini,pupu2712,2,0.25
Sini,puu1265,4,0.25
Sini,puuro2713,4,0.25
Sini,pyörä2714,4,0.25
Sini,rikki3300,2,0.25
Sini,rikki3533,1,0.25
Sini,roska3301,2,0.25
Sini,sakset3534,1,0.25
Sini,setä2715,2,0.25
Sini,suklaa3302,2,0.25
Sini,tipahti2717,2,0.25
Sini,tutti3535,1,0.25
Sini,tyttö3536,1,0.25
Sini,tyttö3537,1,0.25
Sini,tyttö3538,1,0.25
Sini,tässä1266,3,0.25
Sini,täti2716,2,0.25
Sini,ukki3303,2,0.25
Sini,vettä3304,1,0.25
Sini,viili1797,4,0.25
Sini,yhtään3290,1,0.25
Takeru,a:a92,7,0.25
Takeru,aiai1801,5,0.25
Takeru,atːa3305,3,0.25
Takeru,aɾe93,7,0.25
Takeru,baːniː1281,7,0.25
Takeru,boːɾɯ1282,7,0.25
Takeru,boːɾɯ2736,2,0.25
Takeru,bɯː1287,7,0.25
Takeru,daɾe2737,7,0.25
Takeru,daɾe2738,5,0.25
Takeru,daɾe2739,6,0.25
Takeru,dekita2748,10,0.25
Takeru,doːzo2740,7,0.25
Takeru,gatːai3552,4,0.25
Takeru,goː goː3542,7,0.25
Takeru,hai94,7,0.25
Takeru,hana1803,5,0.25
Takeru,itai1286,7,0.25
Takeru,iː ne1804,5,0.25
Takeru,iː ne2746,2,0.25
Takeru,jada3558,1,0.25
Takeru,jatːaː2747,4,0.25
Takeru,jatːaː3559,1,0.25
Takeru,jatːe1805,9,0.25
Takeru,jatːe3306,3,0.25
Takeru,kakːa3543,1,0.25
Takeru,kakːa3544,7,0.25
Takeru,kiɕa2742,6,0.25
Takeru,kiːɾo2741,4,0.25
Takeru,kowaɾeta2749,6,0.25
Takeru,makːɯɾokɯɾosɯke3561,3,0.25
Takeru,matːe3553,2,0.25
Takeru,mite2743,6,0.25
Takeru,motːo1285,6,0.25
Takeru,moː1288,6,0.25
Takeru,moːikːo3554,3,0.25
Takeru,moːikːo3555,2,0.25
Takeru,moːikːo3556,3,0.25
Takeru,moːikːo3557,3,0.25
Takeru,nai nai2734,2,0.25
Takeru,nai1289,6,0.25
Takeru,nani1280,1,0.25
Takeru,neː1290,6,0.25
Takeru,otːo3560,3,0.25
Takeru,papːaː3546,1,0.25
Takeru,popːo3547,1,0.25
Takeru,popːo3548,1,0.25
Takeru,popːo3549,1,0.25
Takeru,totːe3550,2,0.25
Takeru,totːoː3551,4,0.25
Takeru,wãɴwãɴ2735,1,0.25
Takeru,zoːsãɴ2745,4,0.25
Takeru,ʥɯːsɯ1283,4,0.25
Takeru,ʥɯːsɯ1284,2,0.25
Takeru,ʦɯita2744,10,0.25
Tania,/ spoon1095,35,0.25
Tania,/ spoon1096,38,0.25
Tania,/ spoon1097,38,0.25
Tania,/ spoon1098,35,0.25
Tania,/ spoon1099,38,0.25
Tania,/ spoon1100,38,0.25
Tania,/ spoon1101,38,0.25
Tania,/ spoon1102,38,0.25
Tania,/ spoon62,34,0.25
Tania,Daisy1126,30,0.25
Tania,Daisy1127,11,0.25
Tania,Daisy1128,38,0.25
Tania,Daisy2594,17,0.25
Tania,Daisy3006,4,0.25
Tania,Iggle-piggle1696,19,0.25
Tania,Iggle-piggle2597,34,0.25
Tania,Iggle-piggle2896,34,0.25
Tania,Iggle-piggle2897,34,0.25
Tania,Iggle-piggle2898,20,0.25
Tania,Iggle-piggle3007,19,0.25
Tania,Iggle-piggle3008,1,0.25
Tania,Iggle-piggle3040,13,0.25
Tania,Iggle-piggle3041,11,0.25
Tania,Iggle-piggle3062,7,0.25
Tania,Iggle-piggle3063,13,0.25
Tania,Iggle-piggle3067,34,0.25
Tania,Iggle-piggle3070,1,0.25
Tania,arm63,15,0.25
Tania,asleep1695,24,0.25
Tania,baby2591,24,0.25
Tania,bag1103,35,0.25
Tania,bag1104,35,0.25
Tania,bag1105,35,0.25
Tania,bag1106,35,0.25
Tania,bag1107,35,0.25
Tania,bag1108,35,0.25
Tania,bag1109,35,0.25
Tania,bag2592,24,0.25
Tania,bag2593,24,0.25
Tania,ball1110,38,0.25
Tania,ball1111,38,0.25
Tania,ball1112,38,0.25
Tania,ball1113,23,0.25
Tania,ball1114,24,0.25
Tania,big1115,38,0.25
Tania,big1116,35,0.25
Tania,book1117,26,0.25
Tania,book1118,26,0.25
Tania,book1119,35,0.25
Tania,book1120,35,0.25
Tania,book1121,26,0.25
Tania,book1122,35,0.25
Tania,book1123,35,0.25
Tania,book1124,35,0.25
Tania,book3003,5,0.25
Tania,book3004,6,0.25
Tania,bum1125,24,0.25
Tania,bus1083,24,0.25
Tania,bus1084,24,0.25
Tania,bus1085,24,0.25
Tania,bus1086,18,0.25
Tania,bus1087,2,0.25
Tania,bus1088,23,0.25
Tania,bus1089,28,0.25
Tania,bus1090,24,0.25
Tania,bus1091,24,0.25
Tania,bus3149,24,0.25
Tania,bus3150,20,0.25
Tania,bus3151,20,0.25
Tania,bus3152,15,0.25
Tania,bus3153,20,0.25
Tania,bus3154,20,0.25
Tania,daddy3005,3,0.25
Tania,ear2595,14,0.25
Tania,elbow2596,21,0.25
Tania,eye64,34,0.25
Tania,fish3155,14,0.25
Tania,fish3402,4,0.25
Tania,miaow1163,13,0.25
Tania,moo1129,29,0.25
Tania,more1130,29,0.25
Tania,more1131,16,0.25
Tania,more3156,7,0.25
Tania,mummy2598,21,0.25
Tania,mummy2599,9,0.25
Tania,mummy2600,9,0.25
Tania,mummy2601,9,0.25
Tania,mummy2602,9,0.25
Tania,mummy2603,9,0.25
Tania,no1132,27,0.25
Tania,no1133,27,0.25
Tania,no1134,17,0.25
Tania,no1135,17,0.25
Tania,no3157,9,0.25
Tania,nose2604,1,0.25
Tania,oh dear3010,2,0.25
Tania,ow1136,30,0.25
Tania,ow1137,30,0.25
Tania,ow1138,30,0.25
Tania,ow1139,30,0.25
Tania,ow1140,30,0.25
Tania,ow2605,9,0.25
Tania,pig1141,34,0.25
Tania,pig1142,38,0.25
Tania,pig2606,25,0.25
Tania,push1143,29,0.25
Tania,push1144,23,0.25
Tania,push1145,25,0.25
Tania,push2607,23,0.25
Tania,push3158,5,0.25
Tania,push3159,20,0.25
Tania,shoe1092,40,0.25
Tania,shoe1093,40,0.25
Tania,shoe1094,40,0.25
Tania,sofa1146,30,0.25
Tania,sofa1147,11,0.25
Tania,sofa1148,30,0.25
Tania,sofa2608,9,0.25
Tania,sofa3012,3,0.25
Tania,sofa3403,5,0.25
Tania,stones1149,32,0.25
Tania,stones1150,12,0.25
Tania,there it is2609,6,0.25
Tania,there it is2610,17,0.25
Tania,there it is2611,16,0.25
Tania,there it is2612,17,0.25
Tania,there it is2613,16,0.25
Tania,there it is2614,6,0.25
Tania,there1151,30,0.25
Tania,tree1152,32,0.25
Tania,where1697,20,0.25
Tania,where65,34,0.25
Tania,where66,21,0.25
Tania,where67,34,0.25
Tania,woof1153,16,0.25
Tania,yeah1154,13,0.25
Tania,yeah1155,33,0.25
Tania,yeah1156,4,0.25
Tania,yeah1157,33,0.25
Tania,yeah1158,13,0.25
Tania,yeah1159,33,0.25
Tania,yeah1160,33,0.25
Tania,yeah1161,33,0.25
Tania,yes1162,4,0.25
Timmy,Drew681,6,0.25
Timmy,Heidi3372,1,0.25
Timmy,Nɑnɑ3108,1,0.25
Timmy,bee676,10,0.25
Timmy,bicycle3622,8,0.25
Timmy,bottle / 'bobby'2200,6,0.25
Timmy,bottle / 'bobby'3623,1,0.25
Timmy,bottle / 'bobby'3624,1,0.25
Timmy,boɑt677,3,0.25
Timmy,bubble2201,6,0.25
Timmy,bubble2202,3,0.25
Timmy,bubble2203,3,0.25
Timmy,bubble2204,4,0.25
Timmy,bubble2205,2,0.25
Timmy,bubble2206,6,0.25
Timmy,bubble2207,6,0.25
Timmy,bubble2208,6,0.25
Timmy,bubble2209,6,0.25
Timmy,bubble2210,6,0.25
Timmy,bubble2211,6,0.25
Timmy,bubble2212,6,0.25
Timmy,bubble2213,6,0.25
Timmy,bubble2214,6,0.25
Timmy,bubble2215,6,0.25
Timmy,bubble2216,6,0.25
Timmy,bubble2217,6,0.25
Timmy,bubble2218,6,0.25
Timmy,bubble2219,6,0.25
Timmy,bubble2220,6,0.25
Timmy,bubble2221,6,0.25
Timmy,bubble2222,6,0.25
Timmy,bubble2947,1,0.25
Timmy,bubble3107,1,0.25
Timmy,bubble3368,2,0.25
Timmy,bubble3369,2,0.25
Timmy,bɑll671,10,0.25
Timmy,bɑll672,3,0.25
Timmy,bɑlloon2198,3,0.25
Timmy,bɑlloon2199,6,0.25
Timmy,bɑlloon673,10,0.25
Timmy,bɑlloon674,10,0.25
Timmy,bɑlloon675,10,0.25
Timmy,coffee2223,8,0.25
Timmy,coffee680,1,0.25
Timmy,computer2224,6,0.25
Timmy,cɑr678,6,0.25
Timmy,cɑr679,8,0.25
Timmy,dɑddy3370,2,0.25
Timmy,flower3187,2,0.25
Timmy,flower3188,2,0.25
Timmy,flower3189,2,0.25
Timmy,good boy3371,1,0.25
Timmy,hi682,8,0.25
Timmy,hi683,8,0.25
Timmy,hi684,8,0.25
Timmy,hot685,3,0.25
Timmy,hot686,3,0.25
Timmy,juice1547,5,0.25
Timmy,juice3190,1,0.25
Timmy,juice687,6,0.25
Timmy,key688,8,0.25
Timmy,key689,8,0.25
Timmy,key690,8,0.25
Timmy,key691,8,0.25
Timmy,knee1548,6,0.25
Timmy,knee3191,2,0.25
Timmy,knee3192,2,0.25
Timmy,knee3193,2,0.25
Timmy,knee3194,2,0.25
Timmy,knee3195,2,0.25
Timmy,knee692,8,0.25
Timmy,knee693,8,0.25
Timmy,knee694,8,0.25
Timmy,knee695,8,0.25
Timmy,knee696,8,0.25
Timmy,light1554,8,0.25
Timmy,light1555,5,0.25
Timmy,light1556,8,0.25
Timmy,light1557,8,0.25
Timmy,light1558,8,0.25
Timmy,light1559,8,0.25
Timmy,light1560,8,0.25
Timmy,light1561,8,0.25
Timmy,light2227,7,0.25
Timmy,lizɑrd2863,3,0.25
Timmy,lizɑrd2864,2,0.25
Timmy,lizɑrd3027,1,0.25
Timmy,money3373,2,0.25
Timmy,money3375,2,0.25
Timmy,moo697,7,0.25
Timmy,moo698,7,0.25
Timmy,"moon, sun699",1,0.25
Timmy,neck1549,6,0.25
Timmy,neck1550,6,0.25
Timmy,owl sound 'hoo-hoo'2226,3,0.25
Timmy,owl sound 'hoo-hoo'3376,1,0.25
Timmy,peg700,10,0.25
Timmy,plum1551,6,0.25
Timmy,plum3196,2,0.25
Timmy,sun1552,6,0.25
Timmy,sun1553,6,0.25
Timmy,sun701,8,0.25
Timmy,toe702,6,0.25
Timmy,toot-toot3377,2,0.25
Timmy,toot-toot3378,2,0.25
Timmy,toot-toot3379,2,0.25
Timmy,toot-toot3380,2,0.25
Timmy,toot-toot3381,2,0.25
Timmy,toot-toot3638,1,0.25
Timmy,toot-toot3639,1,0.25
Timmy,toot-toot703,6,0.25
Tobias,baa1164,16,0.25
Tobias,baa1165,27,0.25
Tobias,baa1166,26,0.25
Tobias,baa1167,16,0.25
Tobias,baa1168,16,0.25
Tobias,baa3160,12,0.25
Tobias,baby2616,6,0.25
Tobias,baby2617,7,0.25
Tobias,baby2618,2,0.25
Tobias,ball1169,25,0.25
Tobias,ball1170,26,0.25
Tobias,bear1171,26,0.25
Tobias,bear1172,26,0.25
Tobias,bear1173,7,0.25
Tobias,bear1174,26,0.25
Tobias,bear1175,26,0.25
Tobias,bear1176,26,0.25
Tobias,bear1177,26,0.25
Tobias,bear1178,26,0.25
Tobias,bear2619,20,0.25
Tobias,blocks1179,4,0.25
Tobias,book1180,16,0.25
Tobias,boots2620,14,0.25
Tobias,box3161,14,0.25
Tobias,bus1181,1,0.25
Tobias,bus1182,16,0.25
Tobias,bus1183,6,0.25
Tobias,bus3162,10,0.25
Tobias,bus3199,3,0.25
Tobias,bus3200,3,0.25
Tobias,butterfly2621,26,0.25
Tobias,butterfly3404,3,0.25
Tobias,cat1184,17,0.25
Tobias,eek eek1206,13,0.25
Tobias,eeyore1698,17,0.25
Tobias,eeyore1699,17,0.25
Tobias,eeyore1700,17,0.25
Tobias,eeyore1701,17,0.25
Tobias,eeyore2622,10,0.25
Tobias,eeyore2899,6,0.25
Tobias,eeyore2900,4,0.25
Tobias,honk honk1185,15,0.25
Tobias,honk honk1702,13,0.25
Tobias,honk honk1703,13,0.25
Tobias,honk honk1704,22,0.25
Tobias,honk honk68,22,0.25
Tobias,honk honk69,13,0.25
Tobias,hoo-hoo [owl noise]71,12,0.25
Tobias,miaow2623,20,0.25
Tobias,miaow2624,20,0.25
Tobias,miaow2625,20,0.25
Tobias,miaow2626,20,0.25
Tobias,miaow2627,20,0.25
Tobias,miaow2628,20,0.25
Tobias,miaow2629,7,0.25
Tobias,miaow2630,20,0.25
Tobias,miaow2631,20,0.25
Tobias,miaow2632,20,0.25
Tobias,miaow2633,20,0.25
Tobias,miaow2634,20,0.25
Tobias,miaow2635,20,0.25
Tobias,miaow2636,20,0.25
Tobias,miaow2637,20,0.25
Tobias,miaow2638,20,0.25
Tobias,miaow2639,20,0.25
Tobias,monkey3406,1,0.25
Tobias,monkey3407,1,0.25
Tobias,moo2640,14,0.25
Tobias,moo2901,15,0.25
Tobias,moo2902,15,0.25
Tobias,moo3163,5,0.25
Tobias,mouse1186,18,0.25
Tobias,neenaw1705,15,0.25
Tobias,neenaw2641,5,0.25
Tobias,peacock2642,2,0.25
Tobias,plane1187,26,0.25
Tobias,plane1188,26,0.25
Tobias,quack quack1189,6,0.25
Tobias,quack quack2643,3,0.25
Tobias,quack quack2644,3,0.25
Tobias,quack quack2645,3,0.25
Tobias,quack quack2646,3,0.25
Tobias,quack quack2647,3,0.25
Tobias,quack quack2903,4,0.25
Tobias,quack quack3014,3,0.25
Tobias,quack quack3015,3,0.25
Tobias,quack quack3061,2,0.25
Tobias,ribbit ribbit2904,3,0.25
Tobias,ribbit ribbit3042,2,0.25
Tobias,ribbit ribbit3043,2,0.25
Tobias,snail3072,2,0.25
Tobias,snail3164,21,0.25
Tobias,snail3165,22,0.25
Tobias,snail3166,21,0.25
Tobias,snail3167,3,0.25
Tobias,snail3168,21,0.25
Tobias,snail3169,21,0.25
Tobias,spider3016,1,0.25
Tobias,ta1190,17,0.25
Tobias,that1191,10,0.25
Tobias,that1192,10,0.25
Tobias,that1193,10,0.25
Tobias,that1194,1,0.25
Tobias,that1195,6,0.25
Tobias,that1196,6,0.25
Tobias,that1197,9,0.25
Tobias,that1198,9,0.25
Tobias,that1199,10,0.25
Tobias,that1200,10,0.25
Tobias,that1201,10,0.25
Tobias,that1202,10,0.25
Tobias,that1203,10,0.25
Tobias,that1706,8,0.25
Tobias,that2648,7,0.25
Tobias,that2649,7,0.25
Tobias,that2905,2,0.25
Tobias,that3017,1,0.25
Tobias,there1204,17,0.25
Tobias,there1707,10,0.25
Tobias,tick tock2650,2,0.25
Tobias,toot toot2651,14,0.25
Tobias,toot toot3019,4,0.25
Tobias,toot toot3020,2,0.25
Tobias,toot toot3021,2,0.25
Tobias,tortoise2652,14,0.25
Tobias,what's that1708,3,0.25
Tobias,what's that1709,4,0.25
Tobias,what's that2908,1,0.25
Tobias,woof woof1205,16,0.25
Tobias,woof woof1710,12,0.25
Tobias,woof woof1711,12,0.25
Tobias,woof woof70,22,0.25
